EDL	Record In	Record Out	Clipname	Subtitle
EDL	00:00:00,256	00:00:05,120	| 20180214_pmoney_pmpod824-1cc341c5-9a47-4fbb-ac4a-971432b791de.mp3_51152f7b139064d8301a365ebfd4f297_19636598 |	Support for NPR and the following message come from service now making the world of work
EDL	00:00:05,120	00:00:06,400	| 20180214_pmoney_pmpod824-1cc341c5-9a47-4fbb-ac4a-971432b791de.mp3_51152f7b139064d8301a365ebfd4f297_19636598 |	Work better for people
EDL	00:00:06,400	00:00:12,800	| 20180214_pmoney_pmpod824-1cc341c5-9a47-4fbb-ac4a-971432b791de.mp3_51152f7b139064d8301a365ebfd4f297_19636598 |	Their cloud-based platform and solutions deliver digital workflows that create great experiences and
EDL	00:00:12,800	00:00:15,360	| 20180214_pmoney_pmpod824-1cc341c5-9a47-4fbb-ac4a-971432b791de.mp3_51152f7b139064d8301a365ebfd4f297_19636598 |	Unlock productivity for your whole company
EDL	00:00:15,360	00:00:17,408	| 20180214_pmoney_pmpod824-1cc341c5-9a47-4fbb-ac4a-971432b791de.mp3_51152f7b139064d8301a365ebfd4f297_19636598 |	More at servicenow.com
EDL	00:00:18,432	00:00:20,736	| 20180214_pmoney_pmpod824-1cc341c5-9a47-4fbb-ac4a-971432b791de.mp3_51152f7b139064d8301a365ebfd4f297_19636598 |	We had this great idea for an episode
EDL	00:00:20,736	00:00:21,760	| 20180214_pmoney_pmpod824-1cc341c5-9a47-4fbb-ac4a-971432b791de.mp3_51152f7b139064d8301a365ebfd4f297_19636598 |	A few months back
EDL	00:00:21,760	00:00:23,296	| 20180214_pmoney_pmpod824-1cc341c5-9a47-4fbb-ac4a-971432b791de.mp3_51152f7b139064d8301a365ebfd4f297_19636598 |	Super clever way to deal with
EDL	00:00:23,808	00:00:24,576	| 20180214_pmoney_pmpod824-1cc341c5-9a47-4fbb-ac4a-971432b791de.mp3_51152f7b139064d8301a365ebfd4f297_19636598 |	This problem
EDL	00:00:26,112	00:00:29,440	| 20180214_pmoney_pmpod824-1cc341c5-9a47-4fbb-ac4a-971432b791de.mp3_51152f7b139064d8301a365ebfd4f297_19636598 |	Are corporate bosses that NPR decided that they were going to
EDL	00:00:29,440	00:00:30,720	| 20180214_pmoney_pmpod824-1cc341c5-9a47-4fbb-ac4a-971432b791de.mp3_51152f7b139064d8301a365ebfd4f297_19636598 |	Rehab R-Spec
EDL	00:00:31,488	00:00:37,632	| 20180214_pmoney_pmpod824-1cc341c5-9a47-4fbb-ac4a-971432b791de.mp3_51152f7b139064d8301a365ebfd4f297_19636598 |	Wreck everything down take everything out pull up the carpet it was extremely well
EDL	00:00:37,632	00:00:40,960	| 20180214_pmoney_pmpod824-1cc341c5-9a47-4fbb-ac4a-971432b791de.mp3_51152f7b139064d8301a365ebfd4f297_19636598 |	Oh no
EDL	00:00:40,960	00:00:43,008	| 20180214_pmoney_pmpod824-1cc341c5-9a47-4fbb-ac4a-971432b791de.mp3_51152f7b139064d8301a365ebfd4f297_19636598 |	Everything's gone to chairs the death
EDL	00:00:44,288	00:00:45,312	| 20180214_pmoney_pmpod824-1cc341c5-9a47-4fbb-ac4a-971432b791de.mp3_51152f7b139064d8301a365ebfd4f297_19636598 |	For a week
EDL	00:00:45,312	00:00:46,848	| 20180214_pmoney_pmpod824-1cc341c5-9a47-4fbb-ac4a-971432b791de.mp3_51152f7b139064d8301a365ebfd4f297_19636598 |	The Planet Money Team rented
EDL	00:00:46,848	00:00:48,640	| 20180214_pmoney_pmpod824-1cc341c5-9a47-4fbb-ac4a-971432b791de.mp3_51152f7b139064d8301a365ebfd4f297_19636598 |	The temporary office at a wework
EDL	00:00:49,152	00:00:51,712	| 20180214_pmoney_pmpod824-1cc341c5-9a47-4fbb-ac4a-971432b791de.mp3_51152f7b139064d8301a365ebfd4f297_19636598 |	This is one of those co-working spaces that feel like a
EDL	00:00:51,712	00:00:53,760	| 20180214_pmoney_pmpod824-1cc341c5-9a47-4fbb-ac4a-971432b791de.mp3_51152f7b139064d8301a365ebfd4f297_19636598 |	A cross between a boutique hotel
EDL	00:00:54,272	00:00:56,064	| 20180214_pmoney_pmpod824-1cc341c5-9a47-4fbb-ac4a-971432b791de.mp3_51152f7b139064d8301a365ebfd4f297_19636598 |	And a student center to call it
EDL	00:00:56,576	00:01:00,672	| 20180214_pmoney_pmpod824-1cc341c5-9a47-4fbb-ac4a-971432b791de.mp3_51152f7b139064d8301a365ebfd4f297_19636598 |	Is this
EDL	00:01:01,184	00:01:02,976	| 20180214_pmoney_pmpod824-1cc341c5-9a47-4fbb-ac4a-971432b791de.mp3_51152f7b139064d8301a365ebfd4f297_19636598 |	Lounge Funk playing everywhere
EDL	00:01:04,256	00:01:06,304	| 20180214_pmoney_pmpod824-1cc341c5-9a47-4fbb-ac4a-971432b791de.mp3_51152f7b139064d8301a365ebfd4f297_19636598 |	Not inside the offices but in all the common
EDL	00:01:07,328	00:01:09,376	| 20180214_pmoney_pmpod824-1cc341c5-9a47-4fbb-ac4a-971432b791de.mp3_51152f7b139064d8301a365ebfd4f297_19636598 |	IHeartRadio
EDL	00:01:09,376	00:01:11,936	| 20180214_pmoney_pmpod824-1cc341c5-9a47-4fbb-ac4a-971432b791de.mp3_51152f7b139064d8301a365ebfd4f297_19636598 |	Oh but there was free beer
EDL	00:01:11,936	00:01:18,336	| 20180214_pmoney_pmpod824-1cc341c5-9a47-4fbb-ac4a-971432b791de.mp3_51152f7b139064d8301a365ebfd4f297_19636598 |	Deck Party Jackson Bagel Time and we thought we might do an entire show on we work and the
EDL	00:01:18,336	00:01:19,616	| 20180214_pmoney_pmpod824-1cc341c5-9a47-4fbb-ac4a-971432b791de.mp3_51152f7b139064d8301a365ebfd4f297_19636598 |	I need to experience there
EDL	00:01:21,408	00:01:22,432	| 20180214_pmoney_pmpod824-1cc341c5-9a47-4fbb-ac4a-971432b791de.mp3_51152f7b139064d8301a365ebfd4f297_19636598 |	But then
EDL	00:01:22,432	00:01:25,760	| 20180214_pmoney_pmpod824-1cc341c5-9a47-4fbb-ac4a-971432b791de.mp3_51152f7b139064d8301a365ebfd4f297_19636598 |	Esquire magazine came out with their article
EDL	00:01:25,760	00:01:26,272	| 20180214_pmoney_pmpod824-1cc341c5-9a47-4fbb-ac4a-971432b791de.mp3_51152f7b139064d8301a365ebfd4f297_19636598 |	Ennui work
EDL	00:01:26,784	00:01:27,808	| 20180214_pmoney_pmpod824-1cc341c5-9a47-4fbb-ac4a-971432b791de.mp3_51152f7b139064d8301a365ebfd4f297_19636598 |	Entitled
EDL	00:01:27,808	00:01:29,088	| 20180214_pmoney_pmpod824-1cc341c5-9a47-4fbb-ac4a-971432b791de.mp3_51152f7b139064d8301a365ebfd4f297_19636598 |	And I'm so jealous of this title
EDL	00:01:29,600	00:01:31,392	| 20180214_pmoney_pmpod824-1cc341c5-9a47-4fbb-ac4a-971432b791de.mp3_51152f7b139064d8301a365ebfd4f297_19636598 |	Sriracha is for closers
EDL	00:01:32,160	00:01:36,768	| 20180214_pmoney_pmpod824-1cc341c5-9a47-4fbb-ac4a-971432b791de.mp3_51152f7b139064d8301a365ebfd4f297_19636598 |	It was essentially the same story that we wanted to tell about the people who inhabit this world of wework
EDL	00:01:37,280	00:01:38,816	| 20180214_pmoney_pmpod824-1cc341c5-9a47-4fbb-ac4a-971432b791de.mp3_51152f7b139064d8301a365ebfd4f297_19636598 |	But if I'm being honest with myself
EDL	00:01:39,328	00:01:39,840	| 20180214_pmoney_pmpod824-1cc341c5-9a47-4fbb-ac4a-971432b791de.mp3_51152f7b139064d8301a365ebfd4f297_19636598 |	It was better
EDL	00:01:40,608	00:01:43,424	| 20180214_pmoney_pmpod824-1cc341c5-9a47-4fbb-ac4a-971432b791de.mp3_51152f7b139064d8301a365ebfd4f297_19636598 |	Just listen to this line from the stories writer Eric konigsberg
EDL	00:01:44,448	00:01:45,984	| 20180214_pmoney_pmpod824-1cc341c5-9a47-4fbb-ac4a-971432b791de.mp3_51152f7b139064d8301a365ebfd4f297_19636598 |	What might Willy Loman
EDL	00:01:45,984	00:01:48,544	| 20180214_pmoney_pmpod824-1cc341c5-9a47-4fbb-ac4a-971432b791de.mp3_51152f7b139064d8301a365ebfd4f297_19636598 |	Who ventured door-to-door with nothing but a smile and a
EDL	00:01:48,544	00:01:49,312	| 20180214_pmoney_pmpod824-1cc341c5-9a47-4fbb-ac4a-971432b791de.mp3_51152f7b139064d8301a365ebfd4f297_19636598 |	Shoe shine
EDL	00:01:49,312	00:01:51,616	| 20180214_pmoney_pmpod824-1cc341c5-9a47-4fbb-ac4a-971432b791de.mp3_51152f7b139064d8301a365ebfd4f297_19636598 |	Have made if we works by an incubator program
EDL	00:01:52,128	00:01:54,176	| 20180214_pmoney_pmpod824-1cc341c5-9a47-4fbb-ac4a-971432b791de.mp3_51152f7b139064d8301a365ebfd4f297_19636598 |	With its build your own hash brown bar
EDL	00:01:54,176	00:01:55,200	| 20180214_pmoney_pmpod824-1cc341c5-9a47-4fbb-ac4a-971432b791de.mp3_51152f7b139064d8301a365ebfd4f297_19636598 |	Thank God it's Monday
EDL	00:01:56,480	00:01:57,504	| 20180214_pmoney_pmpod824-1cc341c5-9a47-4fbb-ac4a-971432b791de.mp3_51152f7b139064d8301a365ebfd4f297_19636598 |	Honey come on
EDL	00:01:58,016	00:02:00,320	| 20180214_pmoney_pmpod824-1cc341c5-9a47-4fbb-ac4a-971432b791de.mp3_51152f7b139064d8301a365ebfd4f297_19636598 |	As a journalist what do you supposed to do
EDL	00:02:00,320	00:02:01,856	| 20180214_pmoney_pmpod824-1cc341c5-9a47-4fbb-ac4a-971432b791de.mp3_51152f7b139064d8301a365ebfd4f297_19636598 |	When somebody kicks your butt like
EDL	00:02:02,368	00:02:08,768	| 20180214_pmoney_pmpod824-1cc341c5-9a47-4fbb-ac4a-971432b791de.mp3_51152f7b139064d8301a365ebfd4f297_19636598 |	Well hero Planet Money he writes up a valentine
EDL	00:02:08,768	00:02:12,864	| 20180214_pmoney_pmpod824-1cc341c5-9a47-4fbb-ac4a-971432b791de.mp3_51152f7b139064d8301a365ebfd4f297_19636598 |	Hello and welcome to Planet Money I'm Robert Smith
EDL	00:02:12,864	00:02:15,680	| 20180214_pmoney_pmpod824-1cc341c5-9a47-4fbb-ac4a-971432b791de.mp3_51152f7b139064d8301a365ebfd4f297_19636598 |	K Michelle we bring you our annual Valentine's Day Ever
EDL	00:02:16,192	00:02:18,752	| 20180214_pmoney_pmpod824-1cc341c5-9a47-4fbb-ac4a-971432b791de.mp3_51152f7b139064d8301a365ebfd4f297_19636598 |	A yearly tradition where we express our love
EDL	00:02:18,752	00:02:20,288	| 20180214_pmoney_pmpod824-1cc341c5-9a47-4fbb-ac4a-971432b791de.mp3_51152f7b139064d8301a365ebfd4f297_19636598 |	And yes our jealousy
EDL	00:02:20,288	00:02:22,592	| 20180214_pmoney_pmpod824-1cc341c5-9a47-4fbb-ac4a-971432b791de.mp3_51152f7b139064d8301a365ebfd4f297_19636598 |	For the things that we wish we had thought of
EDL	00:02:22,592	00:02:26,944	| 20180214_pmoney_pmpod824-1cc341c5-9a47-4fbb-ac4a-971432b791de.mp3_51152f7b139064d8301a365ebfd4f297_19636598 |	Well if members the Planet Money Team come on and share their favorite Twitter account
EDL	00:02:26,944	00:02:28,224	| 20180214_pmoney_pmpod824-1cc341c5-9a47-4fbb-ac4a-971432b791de.mp3_51152f7b139064d8301a365ebfd4f297_19636598 |	TV shows articles
EDL	00:02:28,736	00:02:31,296	| 20180214_pmoney_pmpod824-1cc341c5-9a47-4fbb-ac4a-971432b791de.mp3_51152f7b139064d8301a365ebfd4f297_19636598 |	And even the Blissful sounds of nature
EDL	00:02:32,320	00:02:37,440	| 20180214_pmoney_pmpod824-1cc341c5-9a47-4fbb-ac4a-971432b791de.mp3_51152f7b139064d8301a365ebfd4f297_19636598 |	Support for this podcast and the following message come from the Annie E Casey Foundation
EDL	00:02:37,440	00:02:43,840	| 20180214_pmoney_pmpod824-1cc341c5-9a47-4fbb-ac4a-971432b791de.mp3_51152f7b139064d8301a365ebfd4f297_19636598 |	Developing solutions to support strong families and communities to help ensure a brighter future for America's Choice
EDL	00:02:43,840	00:02:47,424	| 20180214_pmoney_pmpod824-1cc341c5-9a47-4fbb-ac4a-971432b791de.mp3_51152f7b139064d8301a365ebfd4f297_19636598 |	Children more information is available at aecf. Org
EDL	00:02:48,448	00:02:50,752	| 20180214_pmoney_pmpod824-1cc341c5-9a47-4fbb-ac4a-971432b791de.mp3_51152f7b139064d8301a365ebfd4f297_19636598 |	The other day we're having our regular staff meeting
EDL	00:02:50,752	00:02:52,288	| 20180214_pmoney_pmpod824-1cc341c5-9a47-4fbb-ac4a-971432b791de.mp3_51152f7b139064d8301a365ebfd4f297_19636598 |	Here at Planet Money and
EDL	00:02:52,800	00:02:54,080	| 20180214_pmoney_pmpod824-1cc341c5-9a47-4fbb-ac4a-971432b791de.mp3_51152f7b139064d8301a365ebfd4f297_19636598 |	Noel King who is
EDL	00:02:54,080	00:02:55,360	| 20180214_pmoney_pmpod824-1cc341c5-9a47-4fbb-ac4a-971432b791de.mp3_51152f7b139064d8301a365ebfd4f297_19636598 |	Who's nobody pretty quiet
EDL	00:02:57,408	00:02:58,944	| 20180214_pmoney_pmpod824-1cc341c5-9a47-4fbb-ac4a-971432b791de.mp3_51152f7b139064d8301a365ebfd4f297_19636598 |	Halo out there Roberts
EDL	00:02:58,944	00:03:00,992	| 20180214_pmoney_pmpod824-1cc341c5-9a47-4fbb-ac4a-971432b791de.mp3_51152f7b139064d8301a365ebfd4f297_19636598 |	Noel was on
EDL	00:03:00,992	00:03:01,760	| 20180214_pmoney_pmpod824-1cc341c5-9a47-4fbb-ac4a-971432b791de.mp3_51152f7b139064d8301a365ebfd4f297_19636598 |	Fire
EDL	00:03:01,760	00:03:04,064	| 20180214_pmoney_pmpod824-1cc341c5-9a47-4fbb-ac4a-971432b791de.mp3_51152f7b139064d8301a365ebfd4f297_19636598 |	Talking about this article
EDL	00:03:04,064	00:03:09,952	| 20180214_pmoney_pmpod824-1cc341c5-9a47-4fbb-ac4a-971432b791de.mp3_51152f7b139064d8301a365ebfd4f297_19636598 |	That that you had read that you just love that I said like something just come on in here and just
EDL	00:03:09,952	00:03:10,976	| 20180214_pmoney_pmpod824-1cc341c5-9a47-4fbb-ac4a-971432b791de.mp3_51152f7b139064d8301a365ebfd4f297_19636598 |	Tell us about it for a valentine
EDL	00:03:11,488	00:03:12,768	| 20180214_pmoney_pmpod824-1cc341c5-9a47-4fbb-ac4a-971432b791de.mp3_51152f7b139064d8301a365ebfd4f297_19636598 |	Yeah it's called
EDL	00:03:12,768	00:03:18,144	| 20180214_pmoney_pmpod824-1cc341c5-9a47-4fbb-ac4a-971432b791de.mp3_51152f7b139064d8301a365ebfd4f297_19636598 |	Promethea Unbound and it was in the atavist magazine it was written by a man named Mike Mariani
EDL	00:03:18,656	00:03:20,960	| 20180214_pmoney_pmpod824-1cc341c5-9a47-4fbb-ac4a-971432b791de.mp3_51152f7b139064d8301a365ebfd4f297_19636598 |	I'mma tell you what I love about the story I'm going to keep it really short
EDL	00:03:21,472	00:03:26,592	| 20180214_pmoney_pmpod824-1cc341c5-9a47-4fbb-ac4a-971432b791de.mp3_51152f7b139064d8301a365ebfd4f297_19636598 |	It starts out in a way that you've seen a hundred other new story start out right it's this single mother
EDL	00:03:26,592	00:03:30,176	| 20180214_pmoney_pmpod824-1cc341c5-9a47-4fbb-ac4a-971432b791de.mp3_51152f7b139064d8301a365ebfd4f297_19636598 |	She's very poor she's living out of a van with her five-year-old daughter
EDL	00:03:30,176	00:03:35,296	| 20180214_pmoney_pmpod824-1cc341c5-9a47-4fbb-ac4a-971432b791de.mp3_51152f7b139064d8301a365ebfd4f297_19636598 |	They have no money they're sleeping in parking lots are washing their hair and Fountains at night
EDL	00:03:35,296	00:03:41,696	| 20180214_pmoney_pmpod824-1cc341c5-9a47-4fbb-ac4a-971432b791de.mp3_51152f7b139064d8301a365ebfd4f297_19636598 |	And the mom is trying to not let on to her five-year-old that this is not a normal way to live right this is like
EDL	00:03:41,696	00:03:42,720	| 20180214_pmoney_pmpod824-1cc341c5-9a47-4fbb-ac4a-971432b791de.mp3_51152f7b139064d8301a365ebfd4f297_19636598 |	Derek Durand Dire Straits
EDL	00:03:43,232	00:03:49,632	| 20180214_pmoney_pmpod824-1cc341c5-9a47-4fbb-ac4a-971432b791de.mp3_51152f7b139064d8301a365ebfd4f297_19636598 |	She's keeping her entertained for the kids not enrolled in school but she takes her to the park she takes her you don't like little educational things
EDL	00:03:49,632	00:03:54,496	| 20180214_pmoney_pmpod824-1cc341c5-9a47-4fbb-ac4a-971432b791de.mp3_51152f7b139064d8301a365ebfd4f297_19636598 |	And very early on the store you weren't at the mom is planning the surprise trip for her 5
EDL	00:03:54,496	00:03:56,032	| 20180214_pmoney_pmpod824-1cc341c5-9a47-4fbb-ac4a-971432b791de.mp3_51152f7b139064d8301a365ebfd4f297_19636598 |	You're old and she's pregnant
EDL	00:03:56,800	00:04:01,152	| 20180214_pmoney_pmpod824-1cc341c5-9a47-4fbb-ac4a-971432b791de.mp3_51152f7b139064d8301a365ebfd4f297_19636598 |	Just like driving the van and she don't know where that goes yeah yeah
EDL	00:04:02,944	00:04:06,272	| 20180214_pmoney_pmpod824-1cc341c5-9a47-4fbb-ac4a-971432b791de.mp3_51152f7b139064d8301a365ebfd4f297_19636598 |	And it turns out that they are driving to Stanford University
EDL	00:04:06,784	00:04:10,880	| 20180214_pmoney_pmpod824-1cc341c5-9a47-4fbb-ac4a-971432b791de.mp3_51152f7b139064d8301a365ebfd4f297_19636598 |	And then you learn that they're driving to Stanford University
EDL	00:04:10,880	00:04:11,904	| 20180214_pmoney_pmpod824-1cc341c5-9a47-4fbb-ac4a-971432b791de.mp3_51152f7b139064d8301a365ebfd4f297_19636598 |	Linear
EDL	00:04:11,904	00:04:12,672	| 20180214_pmoney_pmpod824-1cc341c5-9a47-4fbb-ac4a-971432b791de.mp3_51152f7b139064d8301a365ebfd4f297_19636598 |	Accelerator
EDL	00:04:12,672	00:04:14,464	| 20180214_pmoney_pmpod824-1cc341c5-9a47-4fbb-ac4a-971432b791de.mp3_51152f7b139064d8301a365ebfd4f297_19636598 |	Which is a top
EDL	00:04:14,464	00:04:19,071	| 20180214_pmoney_pmpod824-1cc341c5-9a47-4fbb-ac4a-971432b791de.mp3_51152f7b139064d8301a365ebfd4f297_19636598 |	Science lab and you're confused now cuz you're homeless mom and five-year-old daughter what is going on here
EDL	00:04:19,071	00:04:21,375	| 20180214_pmoney_pmpod824-1cc341c5-9a47-4fbb-ac4a-971432b791de.mp3_51152f7b139064d8301a365ebfd4f297_19636598 |	And in their there they're at Stanford to take
EDL	00:04:21,375	00:04:22,911	| 20180214_pmoney_pmpod824-1cc341c5-9a47-4fbb-ac4a-971432b791de.mp3_51152f7b139064d8301a365ebfd4f297_19636598 |	A tour of the linear accelerator
EDL	00:04:23,423	00:04:27,007	| 20180214_pmoney_pmpod824-1cc341c5-9a47-4fbb-ac4a-971432b791de.mp3_51152f7b139064d8301a365ebfd4f297_19636598 |	Any luck with your kids program know that or is it
EDL	00:04:27,007	00:04:30,335	| 20180214_pmoney_pmpod824-1cc341c5-9a47-4fbb-ac4a-971432b791de.mp3_51152f7b139064d8301a365ebfd4f297_19636598 |	College professor is a college student in people who really interested in like 5th
EDL	00:04:30,335	00:04:31,871	| 20180214_pmoney_pmpod824-1cc341c5-9a47-4fbb-ac4a-971432b791de.mp3_51152f7b139064d8301a365ebfd4f297_19636598 |	And into the finished
EDL	00:04:32,383	00:04:35,199	| 20180214_pmoney_pmpod824-1cc341c5-9a47-4fbb-ac4a-971432b791de.mp3_51152f7b139064d8301a365ebfd4f297_19636598 |	And the professor was leaving it says does anyone have any questions
EDL	00:04:35,967	00:04:39,295	| 20180214_pmoney_pmpod824-1cc341c5-9a47-4fbb-ac4a-971432b791de.mp3_51152f7b139064d8301a365ebfd4f297_19636598 |	The five-year-old girl raises her hand and she says
EDL	00:04:40,575	00:04:42,879	| 20180214_pmoney_pmpod824-1cc341c5-9a47-4fbb-ac4a-971432b791de.mp3_51152f7b139064d8301a365ebfd4f297_19636598 |	Just like really seriously adult
EDL	00:04:42,879	00:04:49,023	| 20180214_pmoney_pmpod824-1cc341c5-9a47-4fbb-ac4a-971432b791de.mp3_51152f7b139064d8301a365ebfd4f297_19636598 |	Question about particles colliding in why the accelerator doesn't overstay for like what is going on in the story
EDL	00:04:49,535	00:04:50,815	| 20180214_pmoney_pmpod824-1cc341c5-9a47-4fbb-ac4a-971432b791de.mp3_51152f7b139064d8301a365ebfd4f297_19636598 |	And then it unspools
EDL	00:04:51,327	00:04:53,887	| 20180214_pmoney_pmpod824-1cc341c5-9a47-4fbb-ac4a-971432b791de.mp3_51152f7b139064d8301a365ebfd4f297_19636598 |	This little girl this five-year-old girl is a genius
EDL	00:04:54,911	00:04:57,215	| 20180214_pmoney_pmpod824-1cc341c5-9a47-4fbb-ac4a-971432b791de.mp3_51152f7b139064d8301a365ebfd4f297_19636598 |	No I don't want to spoil the end of the story
EDL	00:04:57,983	00:05:00,287	| 20180214_pmoney_pmpod824-1cc341c5-9a47-4fbb-ac4a-971432b791de.mp3_51152f7b139064d8301a365ebfd4f297_19636598 |	But I wanted to ask you as someone who is
EDL	00:05:00,287	00:05:01,823	| 20180214_pmoney_pmpod824-1cc341c5-9a47-4fbb-ac4a-971432b791de.mp3_51152f7b139064d8301a365ebfd4f297_19636598 |	A reporter and tell stories for live
EDL	00:05:02,591	00:05:04,639	| 20180214_pmoney_pmpod824-1cc341c5-9a47-4fbb-ac4a-971432b791de.mp3_51152f7b139064d8301a365ebfd4f297_19636598 |	What is it about the structure of the story
EDL	00:05:05,663	00:05:06,431	| 20180214_pmoney_pmpod824-1cc341c5-9a47-4fbb-ac4a-971432b791de.mp3_51152f7b139064d8301a365ebfd4f297_19636598 |	Grabbed you
EDL	00:05:06,431	00:05:12,831	| 20180214_pmoney_pmpod824-1cc341c5-9a47-4fbb-ac4a-971432b791de.mp3_51152f7b139064d8301a365ebfd4f297_19636598 |	The basically makes you want to steal it for a future future podcast
EDL	00:05:12,831	00:05:14,111	| 20180214_pmoney_pmpod824-1cc341c5-9a47-4fbb-ac4a-971432b791de.mp3_51152f7b139064d8301a365ebfd4f297_19636598 |	Person who represents
EDL	00:05:14,111	00:05:15,903	| 20180214_pmoney_pmpod824-1cc341c5-9a47-4fbb-ac4a-971432b791de.mp3_51152f7b139064d8301a365ebfd4f297_19636598 |	Who's the Everyman who represents everybody
EDL	00:05:16,415	00:05:17,439	| 20180214_pmoney_pmpod824-1cc341c5-9a47-4fbb-ac4a-971432b791de.mp3_51152f7b139064d8301a365ebfd4f297_19636598 |	Especially
EDL	00:05:17,951	00:05:21,023	| 20180214_pmoney_pmpod824-1cc341c5-9a47-4fbb-ac4a-971432b791de.mp3_51152f7b139064d8301a365ebfd4f297_19636598 |	That's right what you have in this case is a character who is so
EDL	00:05:21,535	00:05:22,047	| 20180214_pmoney_pmpod824-1cc341c5-9a47-4fbb-ac4a-971432b791de.mp3_51152f7b139064d8301a365ebfd4f297_19636598 |	Singular
EDL	00:05:22,815	00:05:27,423	| 20180214_pmoney_pmpod824-1cc341c5-9a47-4fbb-ac4a-971432b791de.mp3_51152f7b139064d8301a365ebfd4f297_19636598 |	Almost seems like she must be made up she must be Fiction it's like
EDL	00:05:27,935	00:05:31,007	| 20180214_pmoney_pmpod824-1cc341c5-9a47-4fbb-ac4a-971432b791de.mp3_51152f7b139064d8301a365ebfd4f297_19636598 |	You're reading this story and you feel like you're reading a novel
EDL	00:05:31,775	00:05:33,311	| 20180214_pmoney_pmpod824-1cc341c5-9a47-4fbb-ac4a-971432b791de.mp3_51152f7b139064d8301a365ebfd4f297_19636598 |	Because the character
EDL	00:05:33,311	00:05:35,359	| 20180214_pmoney_pmpod824-1cc341c5-9a47-4fbb-ac4a-971432b791de.mp3_51152f7b139064d8301a365ebfd4f297_19636598 |	Is so far from a cut out
EDL	00:05:35,359	00:05:35,871	| 20180214_pmoney_pmpod824-1cc341c5-9a47-4fbb-ac4a-971432b791de.mp3_51152f7b139064d8301a365ebfd4f297_19636598 |	She is
EDL	00:05:36,383	00:05:36,895	| 20180214_pmoney_pmpod824-1cc341c5-9a47-4fbb-ac4a-971432b791de.mp3_51152f7b139064d8301a365ebfd4f297_19636598 |	So extraordinary
EDL	00:05:37,919	00:05:38,431	| 20180214_pmoney_pmpod824-1cc341c5-9a47-4fbb-ac4a-971432b791de.mp3_51152f7b139064d8301a365ebfd4f297_19636598 |	End
EDL	00:05:39,455	00:05:43,039	| 20180214_pmoney_pmpod824-1cc341c5-9a47-4fbb-ac4a-971432b791de.mp3_51152f7b139064d8301a365ebfd4f297_19636598 |	And I think if you can write a 39 page magazine article
EDL	00:05:43,039	00:05:45,855	| 20180214_pmoney_pmpod824-1cc341c5-9a47-4fbb-ac4a-971432b791de.mp3_51152f7b139064d8301a365ebfd4f297_19636598 |	It reads like a novel
EDL	00:05:45,855	00:05:47,135	| 20180214_pmoney_pmpod824-1cc341c5-9a47-4fbb-ac4a-971432b791de.mp3_51152f7b139064d8301a365ebfd4f297_19636598 |	Mike Mariani hatts off
EDL	00:05:48,671	00:05:55,071	| 20180214_pmoney_pmpod824-1cc341c5-9a47-4fbb-ac4a-971432b791de.mp3_51152f7b139064d8301a365ebfd4f297_19636598 |	The name of the story is Prometheus Unbound and you can find it at the enema status. Com
EDL	00:05:55,071	00:06:01,471	| 20180214_pmoney_pmpod824-1cc341c5-9a47-4fbb-ac4a-971432b791de.mp3_51152f7b139064d8301a365ebfd4f297_19636598 |	Thank you Robert
EDL	00:06:01,471	00:06:07,871	| 20180214_pmoney_pmpod824-1cc341c5-9a47-4fbb-ac4a-971432b791de.mp3_51152f7b139064d8301a365ebfd4f297_19636598 |	One of our newest
EDL	00:06:07,871	00:06:10,943	| 20180214_pmoney_pmpod824-1cc341c5-9a47-4fbb-ac4a-971432b791de.mp3_51152f7b139064d8301a365ebfd4f297_19636598 |	Reporters here Julia Simon has a secret
EDL	00:06:10,943	00:06:11,967	| 20180214_pmoney_pmpod824-1cc341c5-9a47-4fbb-ac4a-971432b791de.mp3_51152f7b139064d8301a365ebfd4f297_19636598 |	Nerdy
EDL	00:06:11,967	00:06:12,991	| 20180214_pmoney_pmpod824-1cc341c5-9a47-4fbb-ac4a-971432b791de.mp3_51152f7b139064d8301a365ebfd4f297_19636598 |	Passion
EDL	00:06:12,991	00:06:15,039	| 20180214_pmoney_pmpod824-1cc341c5-9a47-4fbb-ac4a-971432b791de.mp3_51152f7b139064d8301a365ebfd4f297_19636598 |	That's true reveal what it is
EDL	00:06:15,039	00:06:16,831	| 20180214_pmoney_pmpod824-1cc341c5-9a47-4fbb-ac4a-971432b791de.mp3_51152f7b139064d8301a365ebfd4f297_19636598 |	My Valentine goes out
EDL	00:06:16,831	00:06:18,111	| 20180214_pmoney_pmpod824-1cc341c5-9a47-4fbb-ac4a-971432b791de.mp3_51152f7b139064d8301a365ebfd4f297_19636598 |	To Samir madani
EDL	00:06:18,111	00:06:20,671	| 20180214_pmoney_pmpod824-1cc341c5-9a47-4fbb-ac4a-971432b791de.mp3_51152f7b139064d8301a365ebfd4f297_19636598 |	This guy who spends every night
EDL	00:06:20,671	00:06:21,439	| 20180214_pmoney_pmpod824-1cc341c5-9a47-4fbb-ac4a-971432b791de.mp3_51152f7b139064d8301a365ebfd4f297_19636598 |	Tweeting
EDL	00:06:21,951	00:06:24,255	| 20180214_pmoney_pmpod824-1cc341c5-9a47-4fbb-ac4a-971432b791de.mp3_51152f7b139064d8301a365ebfd4f297_19636598 |	Where oil tankers are around the world
EDL	00:06:25,279	00:06:26,559	| 20180214_pmoney_pmpod824-1cc341c5-9a47-4fbb-ac4a-971432b791de.mp3_51152f7b139064d8301a365ebfd4f297_19636598 |	Like tweeting out
EDL	00:06:26,559	00:06:27,839	| 20180214_pmoney_pmpod824-1cc341c5-9a47-4fbb-ac4a-971432b791de.mp3_51152f7b139064d8301a365ebfd4f297_19636598 |	The location of
EDL	00:06:27,839	00:06:28,607	| 20180214_pmoney_pmpod824-1cc341c5-9a47-4fbb-ac4a-971432b791de.mp3_51152f7b139064d8301a365ebfd4f297_19636598 |	Oil tank
EDL	00:06:28,607	00:06:30,399	| 20180214_pmoney_pmpod824-1cc341c5-9a47-4fbb-ac4a-971432b791de.mp3_51152f7b139064d8301a365ebfd4f297_19636598 |	It's like Trainspotting for oil tank
EDL	00:06:30,399	00:06:31,423	| 20180214_pmoney_pmpod824-1cc341c5-9a47-4fbb-ac4a-971432b791de.mp3_51152f7b139064d8301a365ebfd4f297_19636598 |	Exactly
EDL	00:06:31,423	00:06:34,751	| 20180214_pmoney_pmpod824-1cc341c5-9a47-4fbb-ac4a-971432b791de.mp3_51152f7b139064d8301a365ebfd4f297_19636598 |	He's made this group of people all around the world
EDL	00:06:34,751	00:06:36,031	| 20180214_pmoney_pmpod824-1cc341c5-9a47-4fbb-ac4a-971432b791de.mp3_51152f7b139064d8301a365ebfd4f297_19636598 |	Who are tweeting with
EDL	00:06:36,543	00:06:37,823	| 20180214_pmoney_pmpod824-1cc341c5-9a47-4fbb-ac4a-971432b791de.mp3_51152f7b139064d8301a365ebfd4f297_19636598 |	And they're called
EDL	00:06:37,823	00:06:40,639	| 20180214_pmoney_pmpod824-1cc341c5-9a47-4fbb-ac4a-971432b791de.mp3_51152f7b139064d8301a365ebfd4f297_19636598 |	The organization of oil trading tweeters
EDL	00:06:41,151	00:06:42,431	| 20180214_pmoney_pmpod824-1cc341c5-9a47-4fbb-ac4a-971432b791de.mp3_51152f7b139064d8301a365ebfd4f297_19636598 |	This is not an official organ
EDL	00:06:43,199	00:06:48,575	| 20180214_pmoney_pmpod824-1cc341c5-9a47-4fbb-ac4a-971432b791de.mp3_51152f7b139064d8301a365ebfd4f297_19636598 |	It is not an official organization it is modeled after an official organization OPEC
EDL	00:06:48,575	00:06:49,599	| 20180214_pmoney_pmpod824-1cc341c5-9a47-4fbb-ac4a-971432b791de.mp3_51152f7b139064d8301a365ebfd4f297_19636598 |	The organization of the
EDL	00:06:49,599	00:06:51,391	| 20180214_pmoney_pmpod824-1cc341c5-9a47-4fbb-ac4a-971432b791de.mp3_51152f7b139064d8301a365ebfd4f297_19636598 |	Petroleum exporting
EDL	00:06:51,903	00:06:54,207	| 20180214_pmoney_pmpod824-1cc341c5-9a47-4fbb-ac4a-971432b791de.mp3_51152f7b139064d8301a365ebfd4f297_19636598 |	But this hashtag in this group
EDL	00:06:54,207	00:06:56,255	| 20180214_pmoney_pmpod824-1cc341c5-9a47-4fbb-ac4a-971432b791de.mp3_51152f7b139064d8301a365ebfd4f297_19636598 |	Has transformed the world of oil
EDL	00:06:56,767	00:06:58,303	| 20180214_pmoney_pmpod824-1cc341c5-9a47-4fbb-ac4a-971432b791de.mp3_51152f7b139064d8301a365ebfd4f297_19636598 |	We should say that you have
EDL	00:06:58,303	00:06:59,327	| 20180214_pmoney_pmpod824-1cc341c5-9a47-4fbb-ac4a-971432b791de.mp3_51152f7b139064d8301a365ebfd4f297_19636598 |	Extensive experience
EDL	00:06:59,327	00:07:02,399	| 20180214_pmoney_pmpod824-1cc341c5-9a47-4fbb-ac4a-971432b791de.mp3_51152f7b139064d8301a365ebfd4f297_19636598 |	In in doing stories about oil so it's not just a random
EDL	00:07:02,911	00:07:05,471	| 20180214_pmoney_pmpod824-1cc341c5-9a47-4fbb-ac4a-971432b791de.mp3_51152f7b139064d8301a365ebfd4f297_19636598 |	Impressed it's not totally random but
EDL	00:07:05,471	00:07:07,519	| 20180214_pmoney_pmpod824-1cc341c5-9a47-4fbb-ac4a-971432b791de.mp3_51152f7b139064d8301a365ebfd4f297_19636598 |	I also just love the high seas
EDL	00:07:08,031	00:07:09,567	| 20180214_pmoney_pmpod824-1cc341c5-9a47-4fbb-ac4a-971432b791de.mp3_51152f7b139064d8301a365ebfd4f297_19636598 |	And they're Nazis they're the high seas
EDL	00:07:10,079	00:07:13,663	| 20180214_pmoney_pmpod824-1cc341c5-9a47-4fbb-ac4a-971432b791de.mp3_51152f7b139064d8301a365ebfd4f297_19636598 |	Why is that such a weird thing
EDL	00:07:13,663	00:07:17,247	| 20180214_pmoney_pmpod824-1cc341c5-9a47-4fbb-ac4a-971432b791de.mp3_51152f7b139064d8301a365ebfd4f297_19636598 |	I'm going to look at the hashtag OOTD
EDL	00:07:17,247	00:07:18,783	| 20180214_pmoney_pmpod824-1cc341c5-9a47-4fbb-ac4a-971432b791de.mp3_51152f7b139064d8301a365ebfd4f297_19636598 |	Xian Twitter
EDL	00:07:20,831	00:07:21,599	| 20180214_pmoney_pmpod824-1cc341c5-9a47-4fbb-ac4a-971432b791de.mp3_51152f7b139064d8301a365ebfd4f297_19636598 |	This is real thing
EDL	00:07:21,599	00:07:23,391	| 20180214_pmoney_pmpod824-1cc341c5-9a47-4fbb-ac4a-971432b791de.mp3_51152f7b139064d8301a365ebfd4f297_19636598 |	It is
EDL	00:07:23,391	00:07:25,183	| 20180214_pmoney_pmpod824-1cc341c5-9a47-4fbb-ac4a-971432b791de.mp3_51152f7b139064d8301a365ebfd4f297_19636598 |	I want the first one that comes up is
EDL	00:07:25,695	00:07:29,023	| 20180214_pmoney_pmpod824-1cc341c5-9a47-4fbb-ac4a-971432b791de.mp3_51152f7b139064d8301a365ebfd4f297_19636598 |	Standoff in the high seas as Cyprus says
EDL	00:07:29,023	00:07:30,047	| 20180214_pmoney_pmpod824-1cc341c5-9a47-4fbb-ac4a-971432b791de.mp3_51152f7b139064d8301a365ebfd4f297_19636598 |	Turkey block
EDL	00:07:30,047	00:07:30,559	| 20180214_pmoney_pmpod824-1cc341c5-9a47-4fbb-ac4a-971432b791de.mp3_51152f7b139064d8301a365ebfd4f297_19636598 |	Gas
EDL	00:07:31,071	00:07:31,839	| 20180214_pmoney_pmpod824-1cc341c5-9a47-4fbb-ac4a-971432b791de.mp3_51152f7b139064d8301a365ebfd4f297_19636598 |	Drillship
EDL	00:07:32,351	00:07:33,119	| 20180214_pmoney_pmpod824-1cc341c5-9a47-4fbb-ac4a-971432b791de.mp3_51152f7b139064d8301a365ebfd4f297_19636598 |	Hashtag
EDL	00:07:33,887	00:07:36,447	| 20180214_pmoney_pmpod824-1cc341c5-9a47-4fbb-ac4a-971432b791de.mp3_51152f7b139064d8301a365ebfd4f297_19636598 |	Yep this is the type of drama yeah
EDL	00:07:36,959	00:07:38,495	| 20180214_pmoney_pmpod824-1cc341c5-9a47-4fbb-ac4a-971432b791de.mp3_51152f7b139064d8301a365ebfd4f297_19636598 |	The sky Samira madani
EDL	00:07:39,775	00:07:44,895	| 20180214_pmoney_pmpod824-1cc341c5-9a47-4fbb-ac4a-971432b791de.mp3_51152f7b139064d8301a365ebfd4f297_19636598 |	Why does he do this is John know this isn't his job he's a technology executive
EDL	00:07:44,895	00:07:48,223	| 20180214_pmoney_pmpod824-1cc341c5-9a47-4fbb-ac4a-971432b791de.mp3_51152f7b139064d8301a365ebfd4f297_19636598 |	And every night he goes online and this is his entertainment
EDL	00:07:48,735	00:07:50,527	| 20180214_pmoney_pmpod824-1cc341c5-9a47-4fbb-ac4a-971432b791de.mp3_51152f7b139064d8301a365ebfd4f297_19636598 |	Uses satellites and Report
EDL	00:07:51,039	00:07:53,087	| 20180214_pmoney_pmpod824-1cc341c5-9a47-4fbb-ac4a-971432b791de.mp3_51152f7b139064d8301a365ebfd4f297_19636598 |	And he looks at anchors all around the world
EDL	00:07:53,599	00:07:55,647	| 20180214_pmoney_pmpod824-1cc341c5-9a47-4fbb-ac4a-971432b791de.mp3_51152f7b139064d8301a365ebfd4f297_19636598 |	And he sees some pretty crazy stuff
EDL	00:07:56,927	00:07:57,695	| 20180214_pmoney_pmpod824-1cc341c5-9a47-4fbb-ac4a-971432b791de.mp3_51152f7b139064d8301a365ebfd4f297_19636598 |	Shenanigans
EDL	00:07:57,695	00:07:58,463	| 20180214_pmoney_pmpod824-1cc341c5-9a47-4fbb-ac4a-971432b791de.mp3_51152f7b139064d8301a365ebfd4f297_19636598 |	Odyssey
EDL	00:07:58,975	00:08:01,023	| 20180214_pmoney_pmpod824-1cc341c5-9a47-4fbb-ac4a-971432b791de.mp3_51152f7b139064d8301a365ebfd4f297_19636598 |	Arrange things so Francis
EDL	00:08:01,535	00:08:02,559	| 20180214_pmoney_pmpod824-1cc341c5-9a47-4fbb-ac4a-971432b791de.mp3_51152f7b139064d8301a365ebfd4f297_19636598 |	Suntransfers
EDL	00:08:03,071	00:08:07,935	| 20180214_pmoney_pmpod824-1cc341c5-9a47-4fbb-ac4a-971432b791de.mp3_51152f7b139064d8301a365ebfd4f297_19636598 |	What happened in the clandestine manner do switch off their AIS trans
EDL	00:08:07,935	00:08:08,447	| 20180214_pmoney_pmpod824-1cc341c5-9a47-4fbb-ac4a-971432b791de.mp3_51152f7b139064d8301a365ebfd4f297_19636598 |	Finder
EDL	00:08:08,959	00:08:11,519	| 20180214_pmoney_pmpod824-1cc341c5-9a47-4fbb-ac4a-971432b791de.mp3_51152f7b139064d8301a365ebfd4f297_19636598 |	And a transfers oil bye-bye hoses
EDL	00:08:12,031	00:08:15,359	| 20180214_pmoney_pmpod824-1cc341c5-9a47-4fbb-ac4a-971432b791de.mp3_51152f7b139064d8301a365ebfd4f297_19636598 |	They're transferring oil using hoses from one ship to another
EDL	00:08:16,127	00:08:16,895	| 20180214_pmoney_pmpod824-1cc341c5-9a47-4fbb-ac4a-971432b791de.mp3_51152f7b139064d8301a365ebfd4f297_19636598 |	Yeah Odyssey
EDL	00:08:17,663	00:08:20,735	| 20180214_pmoney_pmpod824-1cc341c5-9a47-4fbb-ac4a-971432b791de.mp3_51152f7b139064d8301a365ebfd4f297_19636598 |	I mean you're watching the stuff on folding it's so excited
EDL	00:08:20,735	00:08:23,039	| 20180214_pmoney_pmpod824-1cc341c5-9a47-4fbb-ac4a-971432b791de.mp3_51152f7b139064d8301a365ebfd4f297_19636598 |	You really don't need Netflix
EDL	00:08:23,039	00:08:23,807	| 20180214_pmoney_pmpod824-1cc341c5-9a47-4fbb-ac4a-971432b791de.mp3_51152f7b139064d8301a365ebfd4f297_19636598 |	Senior Life
EDL	00:08:26,111	00:08:28,159	| 20180214_pmoney_pmpod824-1cc341c5-9a47-4fbb-ac4a-971432b791de.mp3_51152f7b139064d8301a365ebfd4f297_19636598 |	They should be paying me to watch this stuff
EDL	00:08:29,183	00:08:33,535	| 20180214_pmoney_pmpod824-1cc341c5-9a47-4fbb-ac4a-971432b791de.mp3_51152f7b139064d8301a365ebfd4f297_19636598 |	So we just did our planet money space Series where we talked to a lot of people who use
EDL	00:08:33,535	00:08:38,399	| 20180214_pmoney_pmpod824-1cc341c5-9a47-4fbb-ac4a-971432b791de.mp3_51152f7b139064d8301a365ebfd4f297_19636598 |	Satellite various other spy means to essentially do the same thing
EDL	00:08:38,399	00:08:40,191	| 20180214_pmoney_pmpod824-1cc341c5-9a47-4fbb-ac4a-971432b791de.mp3_51152f7b139064d8301a365ebfd4f297_19636598 |	Track ships around the world
EDL	00:08:40,191	00:08:43,007	| 20180214_pmoney_pmpod824-1cc341c5-9a47-4fbb-ac4a-971432b791de.mp3_51152f7b139064d8301a365ebfd4f297_19636598 |	Any ideas there are Commodities traders who can
EDL	00:08:43,007	00:08:45,823	| 20180214_pmoney_pmpod824-1cc341c5-9a47-4fbb-ac4a-971432b791de.mp3_51152f7b139064d8301a365ebfd4f297_19636598 |	Make a lot of money if they figure out that
EDL	00:08:45,823	00:08:50,687	| 20180214_pmoney_pmpod824-1cc341c5-9a47-4fbb-ac4a-971432b791de.mp3_51152f7b139064d8301a365ebfd4f297_19636598 |	There is a too much oil in this place and not enough oil in that place and there's oil headed between them
EDL	00:08:51,967	00:08:53,503	| 20180214_pmoney_pmpod824-1cc341c5-9a47-4fbb-ac4a-971432b791de.mp3_51152f7b139064d8301a365ebfd4f297_19636598 |	So I understand the green part of
EDL	00:08:54,271	00:08:56,063	| 20180214_pmoney_pmpod824-1cc341c5-9a47-4fbb-ac4a-971432b791de.mp3_51152f7b139064d8301a365ebfd4f297_19636598 |	I don't understand why would you just do this
EDL	00:08:56,063	00:08:56,575	| 20180214_pmoney_pmpod824-1cc341c5-9a47-4fbb-ac4a-971432b791de.mp3_51152f7b139064d8301a365ebfd4f297_19636598 |	For free
EDL	00:08:57,087	00:08:58,111	| 20180214_pmoney_pmpod824-1cc341c5-9a47-4fbb-ac4a-971432b791de.mp3_51152f7b139064d8301a365ebfd4f297_19636598 |	Yeah I mean
EDL	00:08:58,111	00:08:58,879	| 20180214_pmoney_pmpod824-1cc341c5-9a47-4fbb-ac4a-971432b791de.mp3_51152f7b139064d8301a365ebfd4f297_19636598 |	She just
EDL	00:08:58,879	00:09:00,415	| 20180214_pmoney_pmpod824-1cc341c5-9a47-4fbb-ac4a-971432b791de.mp3_51152f7b139064d8301a365ebfd4f297_19636598 |	He's an oil nerd
EDL	00:09:00,415	00:09:03,487	| 20180214_pmoney_pmpod824-1cc341c5-9a47-4fbb-ac4a-971432b791de.mp3_51152f7b139064d8301a365ebfd4f297_19636598 |	There are a lot of other oil nerds all around the world
EDL	00:09:03,487	00:09:05,791	| 20180214_pmoney_pmpod824-1cc341c5-9a47-4fbb-ac4a-971432b791de.mp3_51152f7b139064d8301a365ebfd4f297_19636598 |	They're sitting there they're totally lonely
EDL	00:09:05,791	00:09:07,071	| 20180214_pmoney_pmpod824-1cc341c5-9a47-4fbb-ac4a-971432b791de.mp3_51152f7b139064d8301a365ebfd4f297_19636598 |	Until summer
EDL	00:09:07,071	00:09:12,191	| 20180214_pmoney_pmpod824-1cc341c5-9a47-4fbb-ac4a-971432b791de.mp3_51152f7b139064d8301a365ebfd4f297_19636598 |	Comes around with this hashtag now they can talk to each other and share this information
EDL	00:09:12,191	00:09:13,727	| 20180214_pmoney_pmpod824-1cc341c5-9a47-4fbb-ac4a-971432b791de.mp3_51152f7b139064d8301a365ebfd4f297_19636598 |	The club it's a club
EDL	00:09:13,727	00:09:16,543	| 20180214_pmoney_pmpod824-1cc341c5-9a47-4fbb-ac4a-971432b791de.mp3_51152f7b139064d8301a365ebfd4f297_19636598 |	And in this club sometimes pirate show up
EDL	00:09:16,543	00:09:18,591	| 20180214_pmoney_pmpod824-1cc341c5-9a47-4fbb-ac4a-971432b791de.mp3_51152f7b139064d8301a365ebfd4f297_19636598 |	What about to go crazy
EDL	00:09:18,591	00:09:24,735	| 20180214_pmoney_pmpod824-1cc341c5-9a47-4fbb-ac4a-971432b791de.mp3_51152f7b139064d8301a365ebfd4f297_19636598 |	Thank you Julia thank you Robert
EDL	00:09:32,671	00:09:33,695	| 20180214_pmoney_pmpod824-1cc341c5-9a47-4fbb-ac4a-971432b791de.mp3_51152f7b139064d8301a365ebfd4f297_19636598 |	With us now
EDL	00:09:33,695	00:09:34,207	| 20180214_pmoney_pmpod824-1cc341c5-9a47-4fbb-ac4a-971432b791de.mp3_51152f7b139064d8301a365ebfd4f297_19636598 |	Is the editor
EDL	00:09:34,719	00:09:37,279	| 20180214_pmoney_pmpod824-1cc341c5-9a47-4fbb-ac4a-971432b791de.mp3_51152f7b139064d8301a365ebfd4f297_19636598 |	A Planet Money Bryant or Steph
EDL	00:09:37,791	00:09:39,839	| 20180214_pmoney_pmpod824-1cc341c5-9a47-4fbb-ac4a-971432b791de.mp3_51152f7b139064d8301a365ebfd4f297_19636598 |	We should say before you give your Valentine
EDL	00:09:40,351	00:09:40,863	| 20180214_pmoney_pmpod824-1cc341c5-9a47-4fbb-ac4a-971432b791de.mp3_51152f7b139064d8301a365ebfd4f297_19636598 |	Where did you grow up
EDL	00:09:41,887	00:09:43,935	| 20180214_pmoney_pmpod824-1cc341c5-9a47-4fbb-ac4a-971432b791de.mp3_51152f7b139064d8301a365ebfd4f297_19636598 |	I grew up in New York City on the Upper East Side
EDL	00:09:44,447	00:09:46,495	| 20180214_pmoney_pmpod824-1cc341c5-9a47-4fbb-ac4a-971432b791de.mp3_51152f7b139064d8301a365ebfd4f297_19636598 |	Yes you are city boy through and through
EDL	00:09:47,519	00:09:48,031	| 20180214_pmoney_pmpod824-1cc341c5-9a47-4fbb-ac4a-971432b791de.mp3_51152f7b139064d8301a365ebfd4f297_19636598 |	Yes
EDL	00:09:48,799	00:09:50,079	| 20180214_pmoney_pmpod824-1cc341c5-9a47-4fbb-ac4a-971432b791de.mp3_51152f7b139064d8301a365ebfd4f297_19636598 |	And your Valentine goes to
EDL	00:09:51,359	00:09:52,639	| 20180214_pmoney_pmpod824-1cc341c5-9a47-4fbb-ac4a-971432b791de.mp3_51152f7b139064d8301a365ebfd4f297_19636598 |	Farm Show magazine
EDL	00:09:53,151	00:09:53,663	| 20180214_pmoney_pmpod824-1cc341c5-9a47-4fbb-ac4a-971432b791de.mp3_51152f7b139064d8301a365ebfd4f297_19636598 |	Okay
EDL	00:09:54,175	00:09:58,783	| 20180214_pmoney_pmpod824-1cc341c5-9a47-4fbb-ac4a-971432b791de.mp3_51152f7b139064d8301a365ebfd4f297_19636598 |	The describe the thing to me because you have this little tiny tiny magazine
EDL	00:09:58,783	00:10:01,343	| 20180214_pmoney_pmpod824-1cc341c5-9a47-4fbb-ac4a-971432b791de.mp3_51152f7b139064d8301a365ebfd4f297_19636598 |	What the size of the palm of your hand called Farm Show magazine
EDL	00:10:02,111	00:10:06,463	| 20180214_pmoney_pmpod824-1cc341c5-9a47-4fbb-ac4a-971432b791de.mp3_51152f7b139064d8301a365ebfd4f297_19636598 |	So Farm Show magazine is printed on newsprint as you can smell
EDL	00:10:07,487	00:10:12,607	| 20180214_pmoney_pmpod824-1cc341c5-9a47-4fbb-ac4a-971432b791de.mp3_51152f7b139064d8301a365ebfd4f297_19636598 |	And farm show magazine Paisley rounds up tips and tricks from what they call farmshop Wizards
EDL	00:10:12,607	00:10:14,655	| 20180214_pmoney_pmpod824-1cc341c5-9a47-4fbb-ac4a-971432b791de.mp3_51152f7b139064d8301a365ebfd4f297_19636598 |	Or Farmers all over the country and they
EDL	00:10:14,655	00:10:21,055	| 20180214_pmoney_pmpod824-1cc341c5-9a47-4fbb-ac4a-971432b791de.mp3_51152f7b139064d8301a365ebfd4f297_19636598 |	Basically just right in and tell people what they've done often it's projects they spent months working on and off on that solving problems that bother
EDL	00:10:21,055	00:10:21,823	| 20180214_pmoney_pmpod824-1cc341c5-9a47-4fbb-ac4a-971432b791de.mp3_51152f7b139064d8301a365ebfd4f297_19636598 |	All kinds of farmers
EDL	00:10:21,823	00:10:23,103	| 20180214_pmoney_pmpod824-1cc341c5-9a47-4fbb-ac4a-971432b791de.mp3_51152f7b139064d8301a365ebfd4f297_19636598 |	So can you give me an example
EDL	00:10:23,871	00:10:25,919	| 20180214_pmoney_pmpod824-1cc341c5-9a47-4fbb-ac4a-971432b791de.mp3_51152f7b139064d8301a365ebfd4f297_19636598 |	Engine powered gopher killing machines
EDL	00:10:26,943	00:10:27,711	| 20180214_pmoney_pmpod824-1cc341c5-9a47-4fbb-ac4a-971432b791de.mp3_51152f7b139064d8301a365ebfd4f297_19636598 |	Okay
EDL	00:10:27,711	00:10:30,527	| 20180214_pmoney_pmpod824-1cc341c5-9a47-4fbb-ac4a-971432b791de.mp3_51152f7b139064d8301a365ebfd4f297_19636598 |	Mini electric fence keeps mice out of stored machines
EDL	00:10:30,527	00:10:35,903	| 20180214_pmoney_pmpod824-1cc341c5-9a47-4fbb-ac4a-971432b791de.mp3_51152f7b139064d8301a365ebfd4f297_19636598 |	Wait to tiny little electric fence there. You can see the other tiny little electric fence it runs around the perimeter
EDL	00:10:35,903	00:10:36,415	| 20180214_pmoney_pmpod824-1cc341c5-9a47-4fbb-ac4a-971432b791de.mp3_51152f7b139064d8301a365ebfd4f297_19636598 |	Okay
EDL	00:10:36,927	00:10:38,975	| 20180214_pmoney_pmpod824-1cc341c5-9a47-4fbb-ac4a-971432b791de.mp3_51152f7b139064d8301a365ebfd4f297_19636598 |	Texas ranch makes money raising butterflies
EDL	00:10:42,303	00:10:43,583	| 20180214_pmoney_pmpod824-1cc341c5-9a47-4fbb-ac4a-971432b791de.mp3_51152f7b139064d8301a365ebfd4f297_19636598 |	And my new favorite
EDL	00:10:44,351	00:10:46,399	| 20180214_pmoney_pmpod824-1cc341c5-9a47-4fbb-ac4a-971432b791de.mp3_51152f7b139064d8301a365ebfd4f297_19636598 |	Elevated bus makes great deer stand
EDL	00:10:47,167	00:10:48,191	| 20180214_pmoney_pmpod824-1cc341c5-9a47-4fbb-ac4a-971432b791de.mp3_51152f7b139064d8301a365ebfd4f297_19636598 |	No deer stand
EDL	00:10:48,703	00:10:51,775	| 20180214_pmoney_pmpod824-1cc341c5-9a47-4fbb-ac4a-971432b791de.mp3_51152f7b139064d8301a365ebfd4f297_19636598 |	For those of you who live in a city is
EDL	00:10:51,775	00:10:53,311	| 20180214_pmoney_pmpod824-1cc341c5-9a47-4fbb-ac4a-971432b791de.mp3_51152f7b139064d8301a365ebfd4f297_19636598 |	A place where you shoot deer
EDL	00:10:54,079	00:10:55,615	| 20180214_pmoney_pmpod824-1cc341c5-9a47-4fbb-ac4a-971432b791de.mp3_51152f7b139064d8301a365ebfd4f297_19636598 |	When you're hunting deer you
EDL	00:10:55,615	00:10:59,455	| 20180214_pmoney_pmpod824-1cc341c5-9a47-4fbb-ac4a-971432b791de.mp3_51152f7b139064d8301a365ebfd4f297_19636598 |	Basically waiting for them to show up and it can take a long time and a lot of people do it
EDL	00:10:59,455	00:11:00,735	| 20180214_pmoney_pmpod824-1cc341c5-9a47-4fbb-ac4a-971432b791de.mp3_51152f7b139064d8301a365ebfd4f297_19636598 |	On a little ladder in a tree
EDL	00:11:01,247	00:11:03,807	| 20180214_pmoney_pmpod824-1cc341c5-9a47-4fbb-ac4a-971432b791de.mp3_51152f7b139064d8301a365ebfd4f297_19636598 |	But this farmer has decided to do it in a school bus
EDL	00:11:04,319	00:11:06,367	| 20180214_pmoney_pmpod824-1cc341c5-9a47-4fbb-ac4a-971432b791de.mp3_51152f7b139064d8301a365ebfd4f297_19636598 |	Which he is mounted as you can see here
EDL	00:11:06,367	00:11:08,415	| 20180214_pmoney_pmpod824-1cc341c5-9a47-4fbb-ac4a-971432b791de.mp3_51152f7b139064d8301a365ebfd4f297_19636598 |	On a 28-foot high gas tank
EDL	00:11:09,183	00:11:10,719	| 20180214_pmoney_pmpod824-1cc341c5-9a47-4fbb-ac4a-971432b791de.mp3_51152f7b139064d8301a365ebfd4f297_19636598 |	Samantha the yellow school bus
EDL	00:11:11,487	00:11:13,791	| 20180214_pmoney_pmpod824-1cc341c5-9a47-4fbb-ac4a-971432b791de.mp3_51152f7b139064d8301a365ebfd4f297_19636598 |	Essentially up in the air what does it look like
EDL	00:11:13,791	00:11:16,351	| 20180214_pmoney_pmpod824-1cc341c5-9a47-4fbb-ac4a-971432b791de.mp3_51152f7b139064d8301a365ebfd4f297_19636598 |	10 20 feet up it looks like a flying school bus
EDL	00:11:17,119	00:11:18,143	| 20180214_pmoney_pmpod824-1cc341c5-9a47-4fbb-ac4a-971432b791de.mp3_51152f7b139064d8301a365ebfd4f297_19636598 |	Which is basically is
EDL	00:11:18,655	00:11:21,727	| 20180214_pmoney_pmpod824-1cc341c5-9a47-4fbb-ac4a-971432b791de.mp3_51152f7b139064d8301a365ebfd4f297_19636598 |	Eddie Murphy's baby inside
EDL	00:11:21,727	00:11:26,079	| 20180214_pmoney_pmpod824-1cc341c5-9a47-4fbb-ac4a-971432b791de.mp3_51152f7b139064d8301a365ebfd4f297_19636598 |	There's a little table in a little place we can sleep in a setting like a microwave oven so sure
EDL	00:11:28,127	00:11:34,015	| 20180214_pmoney_pmpod824-1cc341c5-9a47-4fbb-ac4a-971432b791de.mp3_51152f7b139064d8301a365ebfd4f297_19636598 |	Why you can never ever ever where you live now in Suburban Connecticut use any of these
EDL	00:11:36,319	00:11:37,087	| 20180214_pmoney_pmpod824-1cc341c5-9a47-4fbb-ac4a-971432b791de.mp3_51152f7b139064d8301a365ebfd4f297_19636598 |	Why do you read this
EDL	00:11:37,599	00:11:39,135	| 20180214_pmoney_pmpod824-1cc341c5-9a47-4fbb-ac4a-971432b791de.mp3_51152f7b139064d8301a365ebfd4f297_19636598 |	I sit at my desk all day
EDL	00:11:39,647	00:11:40,927	| 20180214_pmoney_pmpod824-1cc341c5-9a47-4fbb-ac4a-971432b791de.mp3_51152f7b139064d8301a365ebfd4f297_19636598 |	And I dream of
EDL	00:11:41,695	00:11:42,463	| 20180214_pmoney_pmpod824-1cc341c5-9a47-4fbb-ac4a-971432b791de.mp3_51152f7b139064d8301a365ebfd4f297_19636598 |	Solving
EDL	00:11:42,463	00:11:44,511	| 20180214_pmoney_pmpod824-1cc341c5-9a47-4fbb-ac4a-971432b791de.mp3_51152f7b139064d8301a365ebfd4f297_19636598 |	Problems that don't require a keyboard
EDL	00:11:45,023	00:11:47,327	| 20180214_pmoney_pmpod824-1cc341c5-9a47-4fbb-ac4a-971432b791de.mp3_51152f7b139064d8301a365ebfd4f297_19636598 |	And this magazine is just filled with people
EDL	00:11:47,839	00:11:49,631	| 20180214_pmoney_pmpod824-1cc341c5-9a47-4fbb-ac4a-971432b791de.mp3_51152f7b139064d8301a365ebfd4f297_19636598 |	Usually who are probably living
EDL	00:11:49,631	00:11:53,983	| 20180214_pmoney_pmpod824-1cc341c5-9a47-4fbb-ac4a-971432b791de.mp3_51152f7b139064d8301a365ebfd4f297_19636598 |	Living pretty far from one another who want to communicate with each other who actually have solved problems
EDL	00:11:53,983	00:11:56,543	| 20180214_pmoney_pmpod824-1cc341c5-9a47-4fbb-ac4a-971432b791de.mp3_51152f7b139064d8301a365ebfd4f297_19636598 |	And there probably is someone else out there
EDL	00:11:56,543	00:12:00,639	| 20180214_pmoney_pmpod824-1cc341c5-9a47-4fbb-ac4a-971432b791de.mp3_51152f7b139064d8301a365ebfd4f297_19636598 |	Wondering how exactly to get his school bus up on a 28-foot gas tank
EDL	00:12:00,639	00:12:02,175	| 20180214_pmoney_pmpod824-1cc341c5-9a47-4fbb-ac4a-971432b791de.mp3_51152f7b139064d8301a365ebfd4f297_19636598 |	Any instructions are inside
EDL	00:12:02,175	00:12:04,991	| 20180214_pmoney_pmpod824-1cc341c5-9a47-4fbb-ac4a-971432b791de.mp3_51152f7b139064d8301a365ebfd4f297_19636598 |	And I just want to be a part of that world even if it's only watching
EDL	00:12:06,783	00:12:09,087	| 20180214_pmoney_pmpod824-1cc341c5-9a47-4fbb-ac4a-971432b791de.mp3_51152f7b139064d8301a365ebfd4f297_19636598 |	Farm Show magazine
EDL	00:12:09,087	00:12:10,879	| 20180214_pmoney_pmpod824-1cc341c5-9a47-4fbb-ac4a-971432b791de.mp3_51152f7b139064d8301a365ebfd4f297_19636598 |	Out of Lakeville Minnesota
EDL	00:12:10,879	00:12:15,743	| 20180214_pmoney_pmpod824-1cc341c5-9a47-4fbb-ac4a-971432b791de.mp3_51152f7b139064d8301a365ebfd4f297_19636598 |	Make bread
EDL	00:12:16,767	00:12:18,303	| 20180214_pmoney_pmpod824-1cc341c5-9a47-4fbb-ac4a-971432b791de.mp3_51152f7b139064d8301a365ebfd4f297_19636598 |	Hello
EDL	00:12:19,071	00:12:21,119	| 20180214_pmoney_pmpod824-1cc341c5-9a47-4fbb-ac4a-971432b791de.mp3_51152f7b139064d8301a365ebfd4f297_19636598 |	I bring you my valentine
EDL	00:12:21,119	00:12:25,471	| 20180214_pmoney_pmpod824-1cc341c5-9a47-4fbb-ac4a-971432b791de.mp3_51152f7b139064d8301a365ebfd4f297_19636598 |	Stacey Vanek Smith visiting from the indicator how are you doing
EDL	00:12:26,495	00:12:28,799	| 20180214_pmoney_pmpod824-1cc341c5-9a47-4fbb-ac4a-971432b791de.mp3_51152f7b139064d8301a365ebfd4f297_19636598 |	So my Valentine is to a
EDL	00:12:29,311	00:12:30,079	| 20180214_pmoney_pmpod824-1cc341c5-9a47-4fbb-ac4a-971432b791de.mp3_51152f7b139064d8301a365ebfd4f297_19636598 |	Television show
EDL	00:12:30,079	00:12:30,591	| 20180214_pmoney_pmpod824-1cc341c5-9a47-4fbb-ac4a-971432b791de.mp3_51152f7b139064d8301a365ebfd4f297_19636598 |	Show that I
EDL	00:12:32,639	00:12:35,711	| 20180214_pmoney_pmpod824-1cc341c5-9a47-4fbb-ac4a-971432b791de.mp3_51152f7b139064d8301a365ebfd4f297_19636598 |	Call the Victoria is about Queen Victoria it is
EDL	00:12:36,479	00:12:36,991	| 20180214_pmoney_pmpod824-1cc341c5-9a47-4fbb-ac4a-971432b791de.mp3_51152f7b139064d8301a365ebfd4f297_19636598 |	Part of Master
EDL	00:12:37,503	00:12:38,015	| 20180214_pmoney_pmpod824-1cc341c5-9a47-4fbb-ac4a-971432b791de.mp3_51152f7b139064d8301a365ebfd4f297_19636598 |	Theater
EDL	00:12:41,087	00:12:43,903	| 20180214_pmoney_pmpod824-1cc341c5-9a47-4fbb-ac4a-971432b791de.mp3_51152f7b139064d8301a365ebfd4f297_19636598 |	Anyway though it's like I watched the show.
EDL	00:12:43,903	00:12:45,951	| 20180214_pmoney_pmpod824-1cc341c5-9a47-4fbb-ac4a-971432b791de.mp3_51152f7b139064d8301a365ebfd4f297_19636598 |	You don't get away from work it's a sort of
EDL	00:12:45,951	00:12:47,743	| 20180214_pmoney_pmpod824-1cc341c5-9a47-4fbb-ac4a-971432b791de.mp3_51152f7b139064d8301a365ebfd4f297_19636598 |	Lovely Escapist Robbins very well.
EDL	00:12:48,255	00:12:48,767	| 20180214_pmoney_pmpod824-1cc341c5-9a47-4fbb-ac4a-971432b791de.mp3_51152f7b139064d8301a365ebfd4f297_19636598 |	Incidentally
EDL	00:12:49,279	00:12:51,327	| 20180214_pmoney_pmpod824-1cc341c5-9a47-4fbb-ac4a-971432b791de.mp3_51152f7b139064d8301a365ebfd4f297_19636598 |	But I was watching it the other day and
EDL	00:12:51,839	00:12:53,631	| 20180214_pmoney_pmpod824-1cc341c5-9a47-4fbb-ac4a-971432b791de.mp3_51152f7b139064d8301a365ebfd4f297_19636598 |	There's there was this hole
EDL	00:12:53,631	00:12:54,655	| 20180214_pmoney_pmpod824-1cc341c5-9a47-4fbb-ac4a-971432b791de.mp3_51152f7b139064d8301a365ebfd4f297_19636598 |	Slotline
EDL	00:12:54,655	00:12:55,167	| 20180214_pmoney_pmpod824-1cc341c5-9a47-4fbb-ac4a-971432b791de.mp3_51152f7b139064d8301a365ebfd4f297_19636598 |	And
EDL	00:12:55,935	00:12:57,727	| 20180214_pmoney_pmpod824-1cc341c5-9a47-4fbb-ac4a-971432b791de.mp3_51152f7b139064d8301a365ebfd4f297_19636598 |	It reminded me of work so much I could not believe
EDL	00:12:58,239	00:13:02,847	| 20180214_pmoney_pmpod824-1cc341c5-9a47-4fbb-ac4a-971432b791de.mp3_51152f7b139064d8301a365ebfd4f297_19636598 |	The scene takes place in British Parliament
EDL	00:13:03,615	00:13:04,895	| 20180214_pmoney_pmpod824-1cc341c5-9a47-4fbb-ac4a-971432b791de.mp3_51152f7b139064d8301a365ebfd4f297_19636598 |	British Asian
EDL	00:13:04,895	00:13:07,199	| 20180214_pmoney_pmpod824-1cc341c5-9a47-4fbb-ac4a-971432b791de.mp3_51152f7b139064d8301a365ebfd4f297_19636598 |	When firming comes again
EDL	00:13:07,199	00:13:11,807	| 20180214_pmoney_pmpod824-1cc341c5-9a47-4fbb-ac4a-971432b791de.mp3_51152f7b139064d8301a365ebfd4f297_19636598 |	Find a polishing the toilet
EDL	00:13:12,319	00:13:17,439	| 20180214_pmoney_pmpod824-1cc341c5-9a47-4fbb-ac4a-971432b791de.mp3_51152f7b139064d8301a365ebfd4f297_19636598 |	The Corn Laws I can't believe it they're talking about one of the sort of
EDL	00:13:17,951	00:13:19,999	| 20180214_pmoney_pmpod824-1cc341c5-9a47-4fbb-ac4a-971432b791de.mp3_51152f7b139064d8301a365ebfd4f297_19636598 |	Fundamental historical moments in free
EDL	00:13:21,023	00:13:27,423	| 20180214_pmoney_pmpod824-1cc341c5-9a47-4fbb-ac4a-971432b791de.mp3_51152f7b139064d8301a365ebfd4f297_19636598 |	Yes exactly the Corn Laws were tariffs that were put in place to protect the threat of landowner Gentry
EDL	00:13:27,423	00:13:28,959	| 20180214_pmoney_pmpod824-1cc341c5-9a47-4fbb-ac4a-971432b791de.mp3_51152f7b139064d8301a365ebfd4f297_19636598 |	Reclass and they
EDL	00:13:29,471	00:13:31,007	| 20180214_pmoney_pmpod824-1cc341c5-9a47-4fbb-ac4a-971432b791de.mp3_51152f7b139064d8301a365ebfd4f297_19636598 |	Basically made it impossible
EDL	00:13:31,519	00:13:33,055	| 20180214_pmoney_pmpod824-1cc341c5-9a47-4fbb-ac4a-971432b791de.mp3_51152f7b139064d8301a365ebfd4f297_19636598 |	Really really really expense
EDL	00:13:33,055	00:13:34,079	| 20180214_pmoney_pmpod824-1cc341c5-9a47-4fbb-ac4a-971432b791de.mp3_51152f7b139064d8301a365ebfd4f297_19636598 |	Import grain from other
EDL	00:13:34,591	00:13:37,919	| 20180214_pmoney_pmpod824-1cc341c5-9a47-4fbb-ac4a-971432b791de.mp3_51152f7b139064d8301a365ebfd4f297_19636598 |	Which made food very expensive in UK were talking 18
EDL	00:13:38,431	00:13:41,247	| 20180214_pmoney_pmpod824-1cc341c5-9a47-4fbb-ac4a-971432b791de.mp3_51152f7b139064d8301a365ebfd4f297_19636598 |	Yes and this became a huge problem during the Irish
EDL	00:13:41,247	00:13:42,015	| 20180214_pmoney_pmpod824-1cc341c5-9a47-4fbb-ac4a-971432b791de.mp3_51152f7b139064d8301a365ebfd4f297_19636598 |	Potato famine
EDL	00:13:42,015	00:13:44,319	| 20180214_pmoney_pmpod824-1cc341c5-9a47-4fbb-ac4a-971432b791de.mp3_51152f7b139064d8301a365ebfd4f297_19636598 |	The Irish potato crops very famously failed
EDL	00:13:44,831	00:13:45,343	| 20180214_pmoney_pmpod824-1cc341c5-9a47-4fbb-ac4a-971432b791de.mp3_51152f7b139064d8301a365ebfd4f297_19636598 |	The Irish had
EDL	00:13:45,855	00:13:46,879	| 20180214_pmoney_pmpod824-1cc341c5-9a47-4fbb-ac4a-971432b791de.mp3_51152f7b139064d8301a365ebfd4f297_19636598 |	Nothing to eat
EDL	00:13:46,879	00:13:50,207	| 20180214_pmoney_pmpod824-1cc341c5-9a47-4fbb-ac4a-971432b791de.mp3_51152f7b139064d8301a365ebfd4f297_19636598 |	People were starving in record numbers it was horrible
EDL	00:13:50,719	00:13:53,279	| 20180214_pmoney_pmpod824-1cc341c5-9a47-4fbb-ac4a-971432b791de.mp3_51152f7b139064d8301a365ebfd4f297_19636598 |	Meanwhile these laws meant that importing
EDL	00:13:53,279	00:13:57,887	| 20180214_pmoney_pmpod824-1cc341c5-9a47-4fbb-ac4a-971432b791de.mp3_51152f7b139064d8301a365ebfd4f297_19636598 |	Green to send to the Irish people to save them from starving was almost
EDL	00:13:58,399	00:14:00,191	| 20180214_pmoney_pmpod824-1cc341c5-9a47-4fbb-ac4a-971432b791de.mp3_51152f7b139064d8301a365ebfd4f297_19636598 |	And so the prime minister at the
EDL	00:14:00,191	00:14:01,215	| 20180214_pmoney_pmpod824-1cc341c5-9a47-4fbb-ac4a-971432b791de.mp3_51152f7b139064d8301a365ebfd4f297_19636598 |	The time is man's Sir Robert
EDL	00:14:01,727	00:14:05,055	| 20180214_pmoney_pmpod824-1cc341c5-9a47-4fbb-ac4a-971432b791de.mp3_51152f7b139064d8301a365ebfd4f297_19636598 |	Give this big impassioned plea about
EDL	00:14:05,055	00:14:07,359	| 20180214_pmoney_pmpod824-1cc341c5-9a47-4fbb-ac4a-971432b791de.mp3_51152f7b139064d8301a365ebfd4f297_19636598 |	Repealing the Corn Laws essentially moving
EDL	00:14:07,359	00:14:07,871	| 20180214_pmoney_pmpod824-1cc341c5-9a47-4fbb-ac4a-971432b791de.mp3_51152f7b139064d8301a365ebfd4f297_19636598 |	Words
EDL	00:14:08,383	00:14:14,783	| 20180214_pmoney_pmpod824-1cc341c5-9a47-4fbb-ac4a-971432b791de.mp3_51152f7b139064d8301a365ebfd4f297_19636598 |	Free Trade Street for the workers of this country who may not have votes but
EDL	00:14:14,783	00:14:21,183	| 20180214_pmoney_pmpod824-1cc341c5-9a47-4fbb-ac4a-971432b791de.mp3_51152f7b139064d8301a365ebfd4f297_19636598 |	You deserve no molestes to buy untaxed food fix the speaker
EDL	00:14:21,183	00:14:24,255	| 20180214_pmoney_pmpod824-1cc341c5-9a47-4fbb-ac4a-971432b791de.mp3_51152f7b139064d8301a365ebfd4f297_19636598 |	I commend this bill to the house
EDL	00:14:24,255	00:14:29,887	| 20180214_pmoney_pmpod824-1cc341c5-9a47-4fbb-ac4a-971432b791de.mp3_51152f7b139064d8301a365ebfd4f297_19636598 |	Can we talk about free trade Planet Money all the time this is a big topic met in the presidential election
EDL	00:14:29,887	00:14:31,167	| 20180214_pmoney_pmpod824-1cc341c5-9a47-4fbb-ac4a-971432b791de.mp3_51152f7b139064d8301a365ebfd4f297_19636598 |	Tariffs free trade all this
EDL	00:14:31,167	00:14:31,935	| 20180214_pmoney_pmpod824-1cc341c5-9a47-4fbb-ac4a-971432b791de.mp3_51152f7b139064d8301a365ebfd4f297_19636598 |	Stop it
EDL	00:14:31,935	00:14:33,727	| 20180214_pmoney_pmpod824-1cc341c5-9a47-4fbb-ac4a-971432b791de.mp3_51152f7b139064d8301a365ebfd4f297_19636598 |	It was amazing to just
EDL	00:14:33,727	00:14:36,799	| 20180214_pmoney_pmpod824-1cc341c5-9a47-4fbb-ac4a-971432b791de.mp3_51152f7b139064d8301a365ebfd4f297_19636598 |	Watch it and see it in all of its drama they should
EDL	00:14:36,799	00:14:37,823	| 20180214_pmoney_pmpod824-1cc341c5-9a47-4fbb-ac4a-971432b791de.mp3_51152f7b139064d8301a365ebfd4f297_19636598 |	Starving Irish
EDL	00:14:37,823	00:14:38,847	| 20180214_pmoney_pmpod824-1cc341c5-9a47-4fbb-ac4a-971432b791de.mp3_51152f7b139064d8301a365ebfd4f297_19636598 |	Peasants
EDL	00:14:38,847	00:14:41,919	| 20180214_pmoney_pmpod824-1cc341c5-9a47-4fbb-ac4a-971432b791de.mp3_51152f7b139064d8301a365ebfd4f297_19636598 |	Initial people yelling at each other in Parliament and
EDL	00:14:42,431	00:14:44,735	| 20180214_pmoney_pmpod824-1cc341c5-9a47-4fbb-ac4a-971432b791de.mp3_51152f7b139064d8301a365ebfd4f297_19636598 |	The royal couple got in a little
EDL	00:14:44,735	00:14:46,271	| 20180214_pmoney_pmpod824-1cc341c5-9a47-4fbb-ac4a-971432b791de.mp3_51152f7b139064d8301a365ebfd4f297_19636598 |	Fight about the Corn Laws and it was just
EDL	00:14:46,783	00:14:48,831	| 20180214_pmoney_pmpod824-1cc341c5-9a47-4fbb-ac4a-971432b791de.mp3_51152f7b139064d8301a365ebfd4f297_19636598 |	Really wonderful to see
EDL	00:14:48,831	00:14:52,159	| 20180214_pmoney_pmpod824-1cc341c5-9a47-4fbb-ac4a-971432b791de.mp3_51152f7b139064d8301a365ebfd4f297_19636598 |	Free trades with dramatized in this really
EDL	00:14:52,159	00:14:53,695	| 20180214_pmoney_pmpod824-1cc341c5-9a47-4fbb-ac4a-971432b791de.mp3_51152f7b139064d8301a365ebfd4f297_19636598 |	Amazing way with such
EDL	00:14:53,695	00:14:55,231	| 20180214_pmoney_pmpod824-1cc341c5-9a47-4fbb-ac4a-971432b791de.mp3_51152f7b139064d8301a365ebfd4f297_19636598 |	Beautiful costumes and
EDL	00:14:55,231	00:14:59,071	| 20180214_pmoney_pmpod824-1cc341c5-9a47-4fbb-ac4a-971432b791de.mp3_51152f7b139064d8301a365ebfd4f297_19636598 |	End of the passions that it allows for instance I mean I hope this isn't a spoiler
EDL	00:14:59,583	00:15:03,679	| 20180214_pmoney_pmpod824-1cc341c5-9a47-4fbb-ac4a-971432b791de.mp3_51152f7b139064d8301a365ebfd4f297_19636598 |	There is this man who tried to assassinate Sir Robert peel right after the vote
EDL	00:15:03,679	00:15:05,215	| 20180214_pmoney_pmpod824-1cc341c5-9a47-4fbb-ac4a-971432b791de.mp3_51152f7b139064d8301a365ebfd4f297_19636598 |	Passes to repeal the Corn Laws
EDL	00:15:05,983	00:15:09,823	| 20180214_pmoney_pmpod824-1cc341c5-9a47-4fbb-ac4a-971432b791de.mp3_51152f7b139064d8301a365ebfd4f297_19636598 |	Because he's a landowner nice or he's going to lose his livelihood now that
EDL	00:15:09,823	00:15:11,103	| 20180214_pmoney_pmpod824-1cc341c5-9a47-4fbb-ac4a-971432b791de.mp3_51152f7b139064d8301a365ebfd4f297_19636598 |	Green will be able to be imported from
EDL	00:15:12,639	00:15:16,735	| 20180214_pmoney_pmpod824-1cc341c5-9a47-4fbb-ac4a-971432b791de.mp3_51152f7b139064d8301a365ebfd4f297_19636598 |	Answer the bigger spoiler alert that you can't get rid of the Corn Laws
EDL	00:15:16,735	00:15:22,367	| 20180214_pmoney_pmpod824-1cc341c5-9a47-4fbb-ac4a-971432b791de.mp3_51152f7b139064d8301a365ebfd4f297_19636598 |	Embraces what I David Ricardo the great Economist called comparative advantage which is that countries
EDL	00:15:22,367	00:15:23,903	| 20180214_pmoney_pmpod824-1cc341c5-9a47-4fbb-ac4a-971432b791de.mp3_51152f7b139064d8301a365ebfd4f297_19636598 |	Should do what they are good at which
EDL	00:15:24,415	00:15:25,695	| 20180214_pmoney_pmpod824-1cc341c5-9a47-4fbb-ac4a-971432b791de.mp3_51152f7b139064d8301a365ebfd4f297_19636598 |	At the time was
EDL	00:15:25,695	00:15:26,975	| 20180214_pmoney_pmpod824-1cc341c5-9a47-4fbb-ac4a-971432b791de.mp3_51152f7b139064d8301a365ebfd4f297_19636598 |	Making textiles and such
EDL	00:15:26,975	00:15:27,743	| 20180214_pmoney_pmpod824-1cc341c5-9a47-4fbb-ac4a-971432b791de.mp3_51152f7b139064d8301a365ebfd4f297_19636598 |	And it all
EDL	00:15:28,255	00:15:29,023	| 20180214_pmoney_pmpod824-1cc341c5-9a47-4fbb-ac4a-971432b791de.mp3_51152f7b139064d8301a365ebfd4f297_19636598 |	At least
EDL	00:15:29,023	00:15:30,559	| 20180214_pmoney_pmpod824-1cc341c5-9a47-4fbb-ac4a-971432b791de.mp3_51152f7b139064d8301a365ebfd4f297_19636598 |	As far as grade was concerned
EDL	00:15:31,071	00:15:31,583	| 20180214_pmoney_pmpod824-1cc341c5-9a47-4fbb-ac4a-971432b791de.mp3_51152f7b139064d8301a365ebfd4f297_19636598 |	Workout for the
EDL	00:15:32,095	00:15:32,863	| 20180214_pmoney_pmpod824-1cc341c5-9a47-4fbb-ac4a-971432b791de.mp3_51152f7b139064d8301a365ebfd4f297_19636598 |	Exact
EDL	00:15:33,375	00:15:34,911	| 20180214_pmoney_pmpod824-1cc341c5-9a47-4fbb-ac4a-971432b791de.mp3_51152f7b139064d8301a365ebfd4f297_19636598 |	Anyway it is
EDL	00:15:35,679	00:15:36,447	| 20180214_pmoney_pmpod824-1cc341c5-9a47-4fbb-ac4a-971432b791de.mp3_51152f7b139064d8301a365ebfd4f297_19636598 |	A grade
EDL	00:15:36,447	00:15:38,751	| 20180214_pmoney_pmpod824-1cc341c5-9a47-4fbb-ac4a-971432b791de.mp3_51152f7b139064d8301a365ebfd4f297_19636598 |	So I don't know if I should recommend it cuz
EDL	00:15:38,751	00:15:44,895	| 20180214_pmoney_pmpod824-1cc341c5-9a47-4fbb-ac4a-971432b791de.mp3_51152f7b139064d8301a365ebfd4f297_19636598 |	You don't have to later. Dramas with costumes but if you would like. Dramas with fussy costumes and like furtive glance
EDL	00:15:45,919	00:15:46,431	| 20180214_pmoney_pmpod824-1cc341c5-9a47-4fbb-ac4a-971432b791de.mp3_51152f7b139064d8301a365ebfd4f297_19636598 |	Oh my God
EDL	00:15:47,455	00:15:48,223	| 20180214_pmoney_pmpod824-1cc341c5-9a47-4fbb-ac4a-971432b791de.mp3_51152f7b139064d8301a365ebfd4f297_19636598 |	Victoria
EDL	00:15:48,223	00:15:50,783	| 20180214_pmoney_pmpod824-1cc341c5-9a47-4fbb-ac4a-971432b791de.mp3_51152f7b139064d8301a365ebfd4f297_19636598 |	Stacey Vanek Smith thank you anytime
EDL	00:15:50,783	00:15:55,391	| 20180214_pmoney_pmpod824-1cc341c5-9a47-4fbb-ac4a-971432b791de.mp3_51152f7b139064d8301a365ebfd4f297_19636598 |	After the break now that the voices of the Planet Money Team or echoing in your ears
EDL	00:15:55,391	00:15:57,439	| 20180214_pmoney_pmpod824-1cc341c5-9a47-4fbb-ac4a-971432b791de.mp3_51152f7b139064d8301a365ebfd4f297_19636598 |	We have a solution for how to get them out
EDL	00:15:58,463	00:16:00,767	| 20180214_pmoney_pmpod824-1cc341c5-9a47-4fbb-ac4a-971432b791de.mp3_51152f7b139064d8301a365ebfd4f297_19636598 |	Support also comes from fidelity
EDL	00:16:00,767	00:16:02,303	| 20180214_pmoney_pmpod824-1cc341c5-9a47-4fbb-ac4a-971432b791de.mp3_51152f7b139064d8301a365ebfd4f297_19636598 |	As a Fidelity Wealth Management
EDL	00:16:02,815	00:16:04,607	| 20180214_pmoney_pmpod824-1cc341c5-9a47-4fbb-ac4a-971432b791de.mp3_51152f7b139064d8301a365ebfd4f297_19636598 |	You get a dedicated advisor
EDL	00:16:04,607	00:16:08,447	| 20180214_pmoney_pmpod824-1cc341c5-9a47-4fbb-ac4a-971432b791de.mp3_51152f7b139064d8301a365ebfd4f297_19636598 |	To help grow and protect your wealth find ways to minimize the impact
EDL	00:16:08,447	00:16:12,287	| 20180214_pmoney_pmpod824-1cc341c5-9a47-4fbb-ac4a-971432b791de.mp3_51152f7b139064d8301a365ebfd4f297_19636598 |	Taxes and make clear recommendations for your full Financial picture
EDL	00:16:12,799	00:16:15,103	| 20180214_pmoney_pmpod824-1cc341c5-9a47-4fbb-ac4a-971432b791de.mp3_51152f7b139064d8301a365ebfd4f297_19636598 |	Learn more at fidelity.com
EDL	00:16:15,615	00:16:17,919	| 20180214_pmoney_pmpod824-1cc341c5-9a47-4fbb-ac4a-971432b791de.mp3_51152f7b139064d8301a365ebfd4f297_19636598 |	Fidelity brokerage Services LLC
EDL	00:16:18,943	00:16:20,223	| 20180214_pmoney_pmpod824-1cc341c5-9a47-4fbb-ac4a-971432b791de.mp3_51152f7b139064d8301a365ebfd4f297_19636598 |	I make my valentine
EDL	00:16:20,223	00:16:21,759	| 20180214_pmoney_pmpod824-1cc341c5-9a47-4fbb-ac4a-971432b791de.mp3_51152f7b139064d8301a365ebfd4f297_19636598 |	Shorty goes out to the video.
EDL	00:16:22,527	00:16:23,295	| 20180214_pmoney_pmpod824-1cc341c5-9a47-4fbb-ac4a-971432b791de.mp3_51152f7b139064d8301a365ebfd4f297_19636598 |	Here
EDL	00:16:23,295	00:16:24,575	| 20180214_pmoney_pmpod824-1cc341c5-9a47-4fbb-ac4a-971432b791de.mp3_51152f7b139064d8301a365ebfd4f297_19636598 |	At NPR yes
EDL	00:16:25,087	00:16:26,111	| 20180214_pmoney_pmpod824-1cc341c5-9a47-4fbb-ac4a-971432b791de.mp3_51152f7b139064d8301a365ebfd4f297_19636598 |	NPR has
EDL	00:16:26,111	00:16:28,927	| 20180214_pmoney_pmpod824-1cc341c5-9a47-4fbb-ac4a-971432b791de.mp3_51152f7b139064d8301a365ebfd4f297_19636598 |	A video team and they've been spending the last 6 months working
EDL	00:16:28,927	00:16:31,487	| 20180214_pmoney_pmpod824-1cc341c5-9a47-4fbb-ac4a-971432b791de.mp3_51152f7b139064d8301a365ebfd4f297_19636598 |	Annie's amazing short videos based
EDL	00:16:31,487	00:16:32,255	| 20180214_pmoney_pmpod824-1cc341c5-9a47-4fbb-ac4a-971432b791de.mp3_51152f7b139064d8301a365ebfd4f297_19636598 |	On
EDL	00:16:32,255	00:16:33,279	| 20180214_pmoney_pmpod824-1cc341c5-9a47-4fbb-ac4a-971432b791de.mp3_51152f7b139064d8301a365ebfd4f297_19636598 |	Episodes
EDL	00:16:33,279	00:16:34,815	| 20180214_pmoney_pmpod824-1cc341c5-9a47-4fbb-ac4a-971432b791de.mp3_51152f7b139064d8301a365ebfd4f297_19636598 |	Of Planet Money
EDL	00:16:35,327	00:16:36,351	| 20180214_pmoney_pmpod824-1cc341c5-9a47-4fbb-ac4a-971432b791de.mp3_51152f7b139064d8301a365ebfd4f297_19636598 |	They're hilarious
EDL	00:16:36,863	00:16:40,447	| 20180214_pmoney_pmpod824-1cc341c5-9a47-4fbb-ac4a-971432b791de.mp3_51152f7b139064d8301a365ebfd4f297_19636598 |	The first one is about the chicken tax is how frozen chicken
EDL	00:16:40,447	00:16:43,007	| 20180214_pmoney_pmpod824-1cc341c5-9a47-4fbb-ac4a-971432b791de.mp3_51152f7b139064d8301a365ebfd4f297_19636598 |	Change the market for pickup trucks around the world
EDL	00:16:43,007	00:16:45,055	| 20180214_pmoney_pmpod824-1cc341c5-9a47-4fbb-ac4a-971432b791de.mp3_51152f7b139064d8301a365ebfd4f297_19636598 |	And you can find these videos at
EDL	00:16:45,055	00:16:47,359	| 20180214_pmoney_pmpod824-1cc341c5-9a47-4fbb-ac4a-971432b791de.mp3_51152f7b139064d8301a365ebfd4f297_19636598 |	Npr.org
EDL	00:16:47,359	00:16:48,639	| 20180214_pmoney_pmpod824-1cc341c5-9a47-4fbb-ac4a-971432b791de.mp3_51152f7b139064d8301a365ebfd4f297_19636598 |	Planet Money shorts
EDL	00:16:49,407	00:16:51,711	| 20180214_pmoney_pmpod824-1cc341c5-9a47-4fbb-ac4a-971432b791de.mp3_51152f7b139064d8301a365ebfd4f297_19636598 |	And finally one of our reporters Katie Malone
EDL	00:16:52,223	00:16:53,247	| 20180214_pmoney_pmpod824-1cc341c5-9a47-4fbb-ac4a-971432b791de.mp3_51152f7b139064d8301a365ebfd4f297_19636598 |	Did not suggest
EDL	00:16:53,759	00:16:54,271	| 20180214_pmoney_pmpod824-1cc341c5-9a47-4fbb-ac4a-971432b791de.mp3_51152f7b139064d8301a365ebfd4f297_19636598 |	A valentine
EDL	00:16:54,783	00:16:57,343	| 20180214_pmoney_pmpod824-1cc341c5-9a47-4fbb-ac4a-971432b791de.mp3_51152f7b139064d8301a365ebfd4f297_19636598 |	Although I noticed that he is always sitting in the corner
EDL	00:16:57,855	00:16:58,623	| 20180214_pmoney_pmpod824-1cc341c5-9a47-4fbb-ac4a-971432b791de.mp3_51152f7b139064d8301a365ebfd4f297_19636598 |	Listening to some
EDL	00:16:59,391	00:16:59,903	| 20180214_pmoney_pmpod824-1cc341c5-9a47-4fbb-ac4a-971432b791de.mp3_51152f7b139064d8301a365ebfd4f297_19636598 |	Yeah
EDL	00:17:00,415	00:17:03,231	| 20180214_pmoney_pmpod824-1cc341c5-9a47-4fbb-ac4a-971432b791de.mp3_51152f7b139064d8301a365ebfd4f297_19636598 |	I'm trying to block out the sound of all of my call
EDL	00:17:03,743	00:17:04,255	| 20180214_pmoney_pmpod824-1cc341c5-9a47-4fbb-ac4a-971432b791de.mp3_51152f7b139064d8301a365ebfd4f297_19636598 |	What do you listening
EDL	00:17:04,767	00:17:08,095	| 20180214_pmoney_pmpod824-1cc341c5-9a47-4fbb-ac4a-971432b791de.mp3_51152f7b139064d8301a365ebfd4f297_19636598 |	Before I tell you what I'm listening to I mean I think it's important for
EDL	00:17:08,095	00:17:09,119	| 20180214_pmoney_pmpod824-1cc341c5-9a47-4fbb-ac4a-971432b791de.mp3_51152f7b139064d8301a365ebfd4f297_19636598 |	For listeners to know that
EDL	00:17:10,911	00:17:14,751	| 20180214_pmoney_pmpod824-1cc341c5-9a47-4fbb-ac4a-971432b791de.mp3_51152f7b139064d8301a365ebfd4f297_19636598 |	The NPR New York office recently underwent some
EDL	00:17:14,751	00:17:16,543	| 20180214_pmoney_pmpod824-1cc341c5-9a47-4fbb-ac4a-971432b791de.mp3_51152f7b139064d8301a365ebfd4f297_19636598 |	You're already
EDL	00:17:16,543	00:17:17,823	| 20180214_pmoney_pmpod824-1cc341c5-9a47-4fbb-ac4a-971432b791de.mp3_51152f7b139064d8301a365ebfd4f297_19636598 |	Open concept
EDL	00:17:17,823	00:17:23,967	| 20180214_pmoney_pmpod824-1cc341c5-9a47-4fbb-ac4a-971432b791de.mp3_51152f7b139064d8301a365ebfd4f297_19636598 |	We became more open concept Wall came down more people are now in the space and say what you want to say
EDL	00:17:26,271	00:17:27,551	| 20180214_pmoney_pmpod824-1cc341c5-9a47-4fbb-ac4a-971432b791de.mp3_51152f7b139064d8301a365ebfd4f297_19636598 |	Robert Smith UF
EDL	00:17:28,575	00:17:30,367	| 20180214_pmoney_pmpod824-1cc341c5-9a47-4fbb-ac4a-971432b791de.mp3_51152f7b139064d8301a365ebfd4f297_19636598 |	Okay it's very Charming it's
EDL	00:17:30,879	00:17:33,183	| 20180214_pmoney_pmpod824-1cc341c5-9a47-4fbb-ac4a-971432b791de.mp3_51152f7b139064d8301a365ebfd4f297_19636598 |	The Planet Money staff as a whole and I'm part of this is
EDL	00:17:33,183	00:17:34,207	| 20180214_pmoney_pmpod824-1cc341c5-9a47-4fbb-ac4a-971432b791de.mp3_51152f7b139064d8301a365ebfd4f297_19636598 |	Is a we are excitable
EDL	00:17:34,719	00:17:39,071	| 20180214_pmoney_pmpod824-1cc341c5-9a47-4fbb-ac4a-971432b791de.mp3_51152f7b139064d8301a365ebfd4f297_19636598 |	Often a little bit loud and so in the open space sometimes it can be a little over
EDL	00:17:39,583	00:17:40,607	| 20180214_pmoney_pmpod824-1cc341c5-9a47-4fbb-ac4a-971432b791de.mp3_51152f7b139064d8301a365ebfd4f297_19636598 |	That would mean that you
EDL	00:17:40,607	00:17:41,887	| 20180214_pmoney_pmpod824-1cc341c5-9a47-4fbb-ac4a-971432b791de.mp3_51152f7b139064d8301a365ebfd4f297_19636598 |	For those of you listening
EDL	00:17:41,887	00:17:44,959	| 20180214_pmoney_pmpod824-1cc341c5-9a47-4fbb-ac4a-971432b791de.mp3_51152f7b139064d8301a365ebfd4f297_19636598 |	Here's an example of what are office
EDL	00:17:44,959	00:17:48,031	| 20180214_pmoney_pmpod824-1cc341c5-9a47-4fbb-ac4a-971432b791de.mp3_51152f7b139064d8301a365ebfd4f297_19636598 |	Town of Canton Ohio
EDL	00:17:48,031	00:17:49,567	| 20180214_pmoney_pmpod824-1cc341c5-9a47-4fbb-ac4a-971432b791de.mp3_51152f7b139064d8301a365ebfd4f297_19636598 |	There are no.
EDL	00:17:49,567	00:17:51,103	| 20180214_pmoney_pmpod824-1cc341c5-9a47-4fbb-ac4a-971432b791de.mp3_51152f7b139064d8301a365ebfd4f297_19636598 |	Stream
EDL	00:17:51,103	00:17:53,663	| 20180214_pmoney_pmpod824-1cc341c5-9a47-4fbb-ac4a-971432b791de.mp3_51152f7b139064d8301a365ebfd4f297_19636598 |	But that's because Define
EDL	00:17:53,663	00:17:56,223	| 20180214_pmoney_pmpod824-1cc341c5-9a47-4fbb-ac4a-971432b791de.mp3_51152f7b139064d8301a365ebfd4f297_19636598 |	The mammal with four legs a little beers
EDL	00:17:58,271	00:18:04,671	| 20180214_pmoney_pmpod824-1cc341c5-9a47-4fbb-ac4a-971432b791de.mp3_51152f7b139064d8301a365ebfd4f297_19636598 |	The moment the dog
EDL	00:18:04,671	00:18:06,975	| 20180214_pmoney_pmpod824-1cc341c5-9a47-4fbb-ac4a-971432b791de.mp3_51152f7b139064d8301a365ebfd4f297_19636598 |	Workwell Robert is saying what whatever that
EDL	00:18:06,975	00:18:10,303	| 20180214_pmoney_pmpod824-1cc341c5-9a47-4fbb-ac4a-971432b791de.mp3_51152f7b139064d8301a365ebfd4f297_19636598 |	If it's too hard to explain but it is not true about Canton
EDL	00:18:12,095	00:18:12,607	| 20180214_pmoney_pmpod824-1cc341c5-9a47-4fbb-ac4a-971432b791de.mp3_51152f7b139064d8301a365ebfd4f297_19636598 |	Let's move on
EDL	00:18:13,119	00:18:13,887	| 20180214_pmoney_pmpod824-1cc341c5-9a47-4fbb-ac4a-971432b791de.mp3_51152f7b139064d8301a365ebfd4f297_19636598 |	Okay
EDL	00:18:13,887	00:18:14,655	| 20180214_pmoney_pmpod824-1cc341c5-9a47-4fbb-ac4a-971432b791de.mp3_51152f7b139064d8301a365ebfd4f297_19636598 |	So
EDL	00:18:14,655	00:18:19,263	| 20180214_pmoney_pmpod824-1cc341c5-9a47-4fbb-ac4a-971432b791de.mp3_51152f7b139064d8301a365ebfd4f297_19636598 |	When you see me listening off in my corner with my headphones on I'm trying to concentrate
EDL	00:18:19,775	00:18:20,543	| 20180214_pmoney_pmpod824-1cc341c5-9a47-4fbb-ac4a-971432b791de.mp3_51152f7b139064d8301a365ebfd4f297_19636598 |	And
EDL	00:18:20,543	00:18:21,823	| 20180214_pmoney_pmpod824-1cc341c5-9a47-4fbb-ac4a-971432b791de.mp3_51152f7b139064d8301a365ebfd4f297_19636598 |	This is
EDL	00:18:21,823	00:18:22,335	| 20180214_pmoney_pmpod824-1cc341c5-9a47-4fbb-ac4a-971432b791de.mp3_51152f7b139064d8301a365ebfd4f297_19636598 |	What am I listening to
EDL	00:18:26,687	00:18:27,455	| 20180214_pmoney_pmpod824-1cc341c5-9a47-4fbb-ac4a-971432b791de.mp3_51152f7b139064d8301a365ebfd4f297_19636598 |	Is that water
EDL	00:18:29,247	00:18:30,783	| 20180214_pmoney_pmpod824-1cc341c5-9a47-4fbb-ac4a-971432b791de.mp3_51152f7b139064d8301a365ebfd4f297_19636598 |	Sound of relaxation
EDL	00:18:30,783	00:18:37,183	| 20180214_pmoney_pmpod824-1cc341c5-9a47-4fbb-ac4a-971432b791de.mp3_51152f7b139064d8301a365ebfd4f297_19636598 |	This is what you're listening to when I'm in my corner
EDL	00:18:37,183	00:18:38,719	| 20180214_pmoney_pmpod824-1cc341c5-9a47-4fbb-ac4a-971432b791de.mp3_51152f7b139064d8301a365ebfd4f297_19636598 |	With my headphones on
EDL	00:18:38,719	00:18:40,255	| 20180214_pmoney_pmpod824-1cc341c5-9a47-4fbb-ac4a-971432b791de.mp3_51152f7b139064d8301a365ebfd4f297_19636598 |	I'm listening to loons man
EDL	00:18:44,607	00:18:45,887	| 20180214_pmoney_pmpod824-1cc341c5-9a47-4fbb-ac4a-971432b791de.mp3_51152f7b139064d8301a365ebfd4f297_19636598 |	Aren't you just there aren't you like
EDL	00:18:46,399	00:18:52,799	| 20180214_pmoney_pmpod824-1cc341c5-9a47-4fbb-ac4a-971432b791de.mp3_51152f7b139064d8301a365ebfd4f297_19636598 |	Staring through Cattails looking out on a lake somewhere in the middle of Ontario
EDL	00:18:52,799	00:18:56,127	| 20180214_pmoney_pmpod824-1cc341c5-9a47-4fbb-ac4a-971432b791de.mp3_51152f7b139064d8301a365ebfd4f297_19636598 |	None of this is this is what I have on my phone I have
EDL	00:18:56,127	00:18:58,431	| 20180214_pmoney_pmpod824-1cc341c5-9a47-4fbb-ac4a-971432b791de.mp3_51152f7b139064d8301a365ebfd4f297_19636598 |	At least 3 hours worth of loon sounds
EDL	00:18:58,431	00:19:00,223	| 20180214_pmoney_pmpod824-1cc341c5-9a47-4fbb-ac4a-971432b791de.mp3_51152f7b139064d8301a365ebfd4f297_19636598 |	Two different albums worth
EDL	00:19:00,991	00:19:07,135	| 20180214_pmoney_pmpod824-1cc341c5-9a47-4fbb-ac4a-971432b791de.mp3_51152f7b139064d8301a365ebfd4f297_19636598 |	I tried to find it binaural so if any listeners have any suggestions for binaural loon sounds I'm open to that
EDL	00:19:07,647	00:19:13,791	| 20180214_pmoney_pmpod824-1cc341c5-9a47-4fbb-ac4a-971432b791de.mp3_51152f7b139064d8301a365ebfd4f297_19636598 |	Just let this one play at
EDL	00:19:21,215	00:19:27,615	| 20180214_pmoney_pmpod824-1cc341c5-9a47-4fbb-ac4a-971432b791de.mp3_51152f7b139064d8301a365ebfd4f297_19636598 |	And I'm just super super
EDL	00:19:27,615	00:19:28,639	| 20180214_pmoney_pmpod824-1cc341c5-9a47-4fbb-ac4a-971432b791de.mp3_51152f7b139064d8301a365ebfd4f297_19636598 |	So right now so
EDL	00:19:30,943	00:19:33,503	| 20180214_pmoney_pmpod824-1cc341c5-9a47-4fbb-ac4a-971432b791de.mp3_51152f7b139064d8301a365ebfd4f297_19636598 |	70 thoughts on the show email us or don't
EDL	00:19:33,503	00:19:37,599	| 20180214_pmoney_pmpod824-1cc341c5-9a47-4fbb-ac4a-971432b791de.mp3_51152f7b139064d8301a365ebfd4f297_19636598 |	I mean for Planet Money on NPR. Org G1 Facebook Twitter
EDL	00:19:39,903	00:19:44,511	| 20180214_pmoney_pmpod824-1cc341c5-9a47-4fbb-ac4a-971432b791de.mp3_51152f7b139064d8301a365ebfd4f297_19636598 |	Yeah she was pretty Today Show is produced today by Nick fountain
EDL	00:19:48,351	00:19:49,119	| 20180214_pmoney_pmpod824-1cc341c5-9a47-4fbb-ac4a-971432b791de.mp3_51152f7b139064d8301a365ebfd4f297_19636598 |	ARS
EDL	00:19:49,119	00:19:50,655	| 20180214_pmoney_pmpod824-1cc341c5-9a47-4fbb-ac4a-971432b791de.mp3_51152f7b139064d8301a365ebfd4f297_19636598 |	Senior producer in
EDL	00:19:50,655	00:19:51,679	| 20180214_pmoney_pmpod824-1cc341c5-9a47-4fbb-ac4a-971432b791de.mp3_51152f7b139064d8301a365ebfd4f297_19636598 |	Alex goldmark
EDL	00:19:52,703	00:19:53,471	| 20180214_pmoney_pmpod824-1cc341c5-9a47-4fbb-ac4a-971432b791de.mp3_51152f7b139064d8301a365ebfd4f297_19636598 |	He said
EDL	00:19:53,471	00:19:54,239	| 20180214_pmoney_pmpod824-1cc341c5-9a47-4fbb-ac4a-971432b791de.mp3_51152f7b139064d8301a365ebfd4f297_19636598 |	Idaho
EDL	00:19:54,239	00:19:55,007	| 20180214_pmoney_pmpod824-1cc341c5-9a47-4fbb-ac4a-971432b791de.mp3_51152f7b139064d8301a365ebfd4f297_19636598 |	Fighter stats
EDL	00:19:56,543	00:19:57,567	| 20180214_pmoney_pmpod824-1cc341c5-9a47-4fbb-ac4a-971432b791de.mp3_51152f7b139064d8301a365ebfd4f297_19636598 |	Indicator
EDL	00:19:58,335	00:20:00,383	| 20180214_pmoney_pmpod824-1cc341c5-9a47-4fbb-ac4a-971432b791de.mp3_51152f7b139064d8301a365ebfd4f297_19636598 |	Yeah this is other thing we do
EDL	00:20:00,383	00:20:02,431	| 20180214_pmoney_pmpod824-1cc341c5-9a47-4fbb-ac4a-971432b791de.mp3_51152f7b139064d8301a365ebfd4f297_19636598 |	It's called the indicator by Planet Money
EDL	00:20:04,223	00:20:05,759	| 20180214_pmoney_pmpod824-1cc341c5-9a47-4fbb-ac4a-971432b791de.mp3_51152f7b139064d8301a365ebfd4f297_19636598 |	Set timer no I'm sorry
EDL	00:20:06,527	00:20:08,063	| 20180214_pmoney_pmpod824-1cc341c5-9a47-4fbb-ac4a-971432b791de.mp3_51152f7b139064d8301a365ebfd4f297_19636598 |	The indicator
EDL	00:20:08,063	00:20:09,343	| 20180214_pmoney_pmpod824-1cc341c5-9a47-4fbb-ac4a-971432b791de.mp3_51152f7b139064d8301a365ebfd4f297_19636598 |	From Planet Money
EDL	00:20:09,343	00:20:12,159	| 20180214_pmoney_pmpod824-1cc341c5-9a47-4fbb-ac4a-971432b791de.mp3_51152f7b139064d8301a365ebfd4f297_19636598 |	Of Planet Money
EDL	00:20:13,439	00:20:14,719	| 20180214_pmoney_pmpod824-1cc341c5-9a47-4fbb-ac4a-971432b791de.mp3_51152f7b139064d8301a365ebfd4f297_19636598 |	You need something more fast-paced
EDL	00:20:15,231	00:20:16,511	| 20180214_pmoney_pmpod824-1cc341c5-9a47-4fbb-ac4a-971432b791de.mp3_51152f7b139064d8301a365ebfd4f297_19636598 |	Quicker
EDL	00:20:16,511	00:20:17,535	| 20180214_pmoney_pmpod824-1cc341c5-9a47-4fbb-ac4a-971432b791de.mp3_51152f7b139064d8301a365ebfd4f297_19636598 |	Baltimore md news
EDL	00:20:20,095	00:20:20,863	| 20180214_pmoney_pmpod824-1cc341c5-9a47-4fbb-ac4a-971432b791de.mp3_51152f7b139064d8301a365ebfd4f297_19636598 |	I'm coming alone
EDL	00:20:21,631	00:20:22,399	| 20180214_pmoney_pmpod824-1cc341c5-9a47-4fbb-ac4a-971432b791de.mp3_51152f7b139064d8301a365ebfd4f297_19636598 |	Robert Smith Young
EDL	00:20:27,519	00:20:28,031	| 20180214_pmoney_pmpod824-1cc341c5-9a47-4fbb-ac4a-971432b791de.mp3_51152f7b139064d8301a365ebfd4f297_19636598 |	Nice listening 
